nb:abduction.01	Kidnapping
nb:abuse.01	Abusing
nb:acclaim.01	Judgment_communication
nb:accolade.01	Judgment
nb:accomplishment.01	Accomplishment
nb:accusation.01	Judgment_communication
nb:achievement.01	Accomplishment
nb:acquittal.01	Verdict
nb:act.03	Intentionally_act
nb:action.01	Intentionally_act
nb:actor.01	Intentionally_act
nb:addict.01	Addiction
nb:addiction.01	Addiction
nb:adjustment.01	Adjusting
nb:affidavit.01	Documents
nb:affirmation.01	Statement
nb:aim.01	Purpose
nb:aim.02	Aiming
nb:allegation.01	Statement
nb:allergy.01	Health_response
nb:alternative.01	Possibilities
nb:analysis.01	Scrutiny
nb:analyst.01	Scrutiny
nb:announcement.01	Statement
nb:answer.01	Communication_response
nb:apartment.01	Building_subparts
nb:appeal.01	Appeal
nb:application.02	Using
nb:appraisal.01	Assessing
nb:architect.01	People_by_vocation
nb:argument.02	Quarreling
nb:arrest.01	Arrest
nb:arrival.01	Arriving
nb:artist.01	Create_physical_artwork
nb:ascent.01	Path_shape
nb:assassination.01	Killing
nb:assessment.01	Assessing
nb:assignment.01	Being_obligated
nb:assistance.01	Assistance
nb:assistant.02	Subordinates_and_superiors
nb:assurance.01	Telling
nb:attack.01	Attack
nb:attacker.01	Attack
nb:attempt.01	Attempt
nb:attendance.01	Attending
nb:auction.01	Commerce_sell
nb:aunt.01	Kinship
nb:autobiography.01	Text
nb:autumn.01	Calendric_unit
nb:avoidance.01	Avoiding
nb:backing.01	Taking_sides
nb:bail.01	Bail_decision
nb:ban.01	Prohibiting
nb:basis.01	Reason
nb:battle.01	Hostile_encounter
nb:bearing.02	Conduct
nb:behavior.01	Conduct
nb:beheading.01	Killing
nb:bequest.01	Giving
nb:bias.01	Partiality
nb:bickering.01	Quarreling
nb:biography.01	Text
nb:birth.01	Birth
nb:bite.02	Measure_by_action
nb:blame.01	Judgment
nb:blemish.01	Body_mark
nb:blessing.01	Rite
nb:boatload.01	Measure_volume
nb:bombing.01	Attack
nb:booklet.01	Text
nb:brochure.01	Text
nb:bulletin.01	Text
nb:busload.01	Measure_volume
nb:call.02	Request
nb:campus.01	Locale_by_use
nb:cargo.01	Store
nb:cartel.01	Organization
nb:cause.01	Causation
nb:celebration.02	Social_event
nb:chairman.01	Leadership
nb:change.01	Undergo_change
nb:characterization.01	Communicate_categorization
nb:charge.02	Attack
nb:citizen.01	People_by_jurisdiction
nb:citizenry.01	People_by_jurisdiction
nb:claim.01	Statement
nb:claim.02	Claim_ownership
nb:clan.01	Kinship
nb:classification.01	Categorization
nb:cluster.01	Aggregate
nb:combat.01	Hostile_encounter
nb:commandant.01	Leadership
nb:commander.01	Leadership
nb:commencement.01	Process_start
nb:comment.01	Statement
nb:commission.01	Committing_crime
nb:commission.02	Hiring
nb:commitment.01	Commitment
nb:competence.01	Expertise
nb:competition.01	Competition
nb:competitor.01	Competition
nb:complaint.02	Complaining
nb:completion.01	Activity_finish
nb:compliance.01	Compliance
nb:compliment.01	Judgment_direct_address
nb:conception.01	Awareness
nb:conduct.01	Conduct
nb:conference.01	Discussion
nb:confinement.01	Inhibit_movement
nb:congressman.01	Leadership
nb:consideration.02	Cogitation
nb:conspiracy.01	Collaboration
nb:construction.01	Building
nb:consultation.01	Discussion
nb:contempt.01	Judgment
nb:contention.01	Statement
nb:contraction.01	Expansion
nb:contribution.01	Giving
nb:conversion.01	Cause_change
nb:cooperation.01	Collaboration
nb:copy.01	Duplication
nb:cost.01	Expensiveness
nb:countryside.01	Locale_by_use
nb:cousin.01	Kinship
nb:cousin.02	Kinship
nb:crash.01	Impact
nb:craving.01	Desiring
nb:creation.01	Intentionally_create
nb:critic.01	Judgment_communication
nb:criticism.01	Judgment_communication
nb:crucible.01	Containers
nb:cure.01	Cure
nb:custom.02	Custom
nb:damage.01	Damaging
nb:dash.02	Self_motion
nb:daughter.01	Kinship
nb:death.01	Death
nb:debate.01	Discussion
nb:decay.01	Rotting
nb:deception.01	Prevarication
nb:decision.01	Deciding
nb:declaration.01	Statement
nb:decline.01	Change_position_on_a_scale
nb:decrease.01	Change_position_on_a_scale
nb:defection.01	Quitting_a_place
nb:definition.01	Communicate_categorization
nb:delay.01	Change_event_time
nb:delinquent.01	People_by_morality
nb:delivery.01	Delivery
nb:demand.01	Request
nb:demeanor.01	Conduct
nb:demise.01	Death
nb:departure.01	Departing
nb:dependency.01	Reliance
nb:depiction.01	Communicate_categorization
nb:deployment.01	Arranging
nb:derision.01	Judgment_communication
nb:design.01	Coming_up_with
nb:desire.01	Desiring
nb:destiny.01	Destiny
nb:destruction.01	Destroying
nb:devastation.01	Destroying
nb:diagram.01	Physical_artworks
nb:dictator.01	Leadership
nb:difference.02	Similarity
nb:disagreement.01	Quarreling
nb:disappearance.01	Departing
nb:disapproval.01	Judgment
nb:disbursement.01	Commerce_pay
nb:disclosure.01	Reveal_secret
nb:discontinuation.01	Process_stop
nb:discovery.01	Becoming_aware
nb:discrimination.02	Differentiation
nb:discussion.01	Discussion
nb:disease.01	Medical_conditions
nb:dislike.01	Experiencer_focus
nb:dismay.01	Emotion_directed
nb:dismissal.01	Firing
nb:dispute.01	Quarreling
nb:dissolution.01	Dispersal
nb:district.01	Political_locales
nb:division.02	Non-commutative_process
nb:donation.01	Giving
nb:doubt.01	Certainty
nb:downtown.01	Locale_by_use
nb:dweller.01	Residence
nb:editorial.01	Text
nb:education.01	Education_teaching
nb:effort.01	Attempt
nb:election.01	Change_of_leadership
nb:elimination.01	Removing
nb:embezzlement.01	Theft
nb:emigration.01	Quitting_a_place
nb:emotion.01	Feeling
nb:emphasis.01	Place_weight_on
nb:employee.01	Employing
nb:employer.01	Employing
nb:employment.01	Employing
nb:end.01	Process_end
nb:endangerment.01	Endangering
nb:enforcement.01	Enforcing
nb:enjoyment.01	Emotions_of_mental_activity
nb:enlightenment.01	Mental_property
nb:entrance.01	Arriving
nb:entry.01	Arriving
nb:envy.01	Experiencer_focus
nb:equipment.01	Supply
nb:escalation.01	Change_position_on_a_scale
nb:escape.01	Departing
nb:estimation.01	Estimating
nb:evaporation.01	Change_of_phase
nb:evidence.01	Evidence
nb:example.01	Instance
nb:exchange.01	Exchange
nb:excursion.01	Travel
nb:execution.01	Execution
nb:exemplar.01	Exemplar
nb:exercise.02	Exercising
nb:existence.01	Existence
nb:exit.01	Departing
nb:expectation.01	Expectation
nb:expert.01	Expertise
nb:expertise.01	Expertise
nb:explanation.01	Explaining_the_facts
nb:exporter.01	Import_export
nb:extraction.01	Removing
nb:extradition.01	Extradition
nb:fabrication.01	Manufacturing
nb:failure.01	Success_or_failure
nb:fall.01	Change_position_on_a_scale
nb:farming.01	Agriculture
nb:fate.01	Destiny
nb:fighting.01	Hostile_encounter
nb:fine.01	Fining
nb:firing.01	Firing
nb:fluctuation.01	Change_position_on_a_scale
nb:formation.01	Creating
nb:friendship.01	Personal_relationship
nb:frugality.01	Frugality
nb:gadget.01	Gizmo
nb:generation.01	Intentionally_create
nb:gift.01	Giving
nb:glade.01	Biological_area
nb:glance.01	Perception_active
nb:gossip.01	Chatting
nb:government.01	Leadership
nb:governor.01	Leadership
nb:graduate.01	Education_teaching
nb:grandfather.01	Kinship
nb:grandmother.01	Kinship
nb:grandson.01	Kinship
nb:grasp.01	Grasp
nb:growth.02	Cause_expansion
nb:guerrilla.01	People_by_vocation
nb:guess.01	Coming_to_believe
nb:harmony.01	Compatibility
nb:help.01	Assistance
nb:hit.01	Impact
nb:homeland.01	Foreign_or_domestic_country
nb:hope.01	Desiring
nb:hospitality.01	Hospitality
nb:hospitalization.01	Institutionalization
nb:hundreds.01	Quantity
nb:husband.01	Personal_relationship
nb:ignorance.01	Awareness
nb:illness.01	Medical_conditions
nb:immunologist.01	Medical_professionals
nb:impediment.01	Hindering
nb:implementation.01	Execute_plan
nb:importer.01	Import_export
nb:imprisonment.01	Imprisonment
nb:improbability.01	Likelihood
nb:inaccuracy.01	Accuracy
nb:increase.01	Change_position_on_a_scale
nb:indication.01	Sign
nb:indictment.01	Notification_of_charges
nb:infection.01	Medical_conditions
nb:inference.01	Coming_to_believe
nb:inning.01	Part_ordered_segments
nb:inquiry.01	Questioning
nb:inspection.01	Inspecting
nb:inspiration.01	Subjective_influence
nb:instruction.01	Education_teaching
nb:insult.01	Cause_emotion
nb:intention.01	Purpose
nb:interpretation.01	Categorization
nb:interrogation.01	Questioning
nb:interruption.01	Interrupt_process
nb:invention.01	Achieving_first
nb:inventor.01	Achieving_first
nb:investment.01	Besieging
nb:jaunt.01	Travel
nb:journey.01	Travel
nb:junket.01	Travel
nb:justification.01	Justifying
nb:kidnapping.01	Kidnapping
nb:killer.01	Killing
nb:kilometer.01	Measure_linear_extent
nb:kind.01	Type
nb:kind.02	Type
nb:lack.01	Possession
nb:lawmaker.01	Leadership
nb:lawyer.01	People_by_vocation
nb:lecture.01	Speak_on_topic
nb:legislator.01	Leadership
nb:legislature.01	Leadership
nb:link.01	Make_cognitive_connection
nb:liquidation.01	Killing
nb:liquidator.01	Killing
nb:list.01	Text
nb:list.02	Text
nb:longing.01	Desiring
nb:look.01	Perception_active
nb:magistrate.01	People_by_vocation
nb:maker.01	Manufacturing
nb:mandate.01	Grant_permission
nb:manufacture.01	Manufacturing
nb:manufacturer.01	Manufacturing
nb:manufacturing.01	Manufacturing
nb:match.01	Evaluative_comparison
nb:mayor.01	Leadership
nb:meaning.01	Linguistic_meaning
nb:mention.01	Statement
nb:merger.01	Amalgamation
nb:military.01	Military
nb:mine.01	Locale_by_use
nb:misrepresentation.01	Prevarication
nb:mockery.01	Judgment
nb:model.01	Exemplar
nb:modernization.01	Cause_to_make_progress
nb:modicum.01	Quantity
nb:modification.01	Cause_change
nb:monitoring.01	Scrutiny
nb:murder.01	Killing
nb:murderer.01	Killing
nb:namesake.01	Namesake
nb:need.01	Needing
nb:negotiation.01	Discussion
nb:nephew.01	Kinship
nb:neurologist.01	Medical_professionals
nb:notification.01	Telling
nb:notoriety.01	Fame
nb:obligation.01	Being_obligated
nb:observance.01	Compliance
nb:occupant.01	Residence
nb:operation.02	Using
nb:opinion.01	Opinion
nb:opponent.01	Taking_sides
nb:opportunity.01	Opportunity
nb:order.02	Request
nb:origin.01	Origin
nb:originator.01	Achieving_first
nb:outset.01	Temporal_subregion
nb:owner.01	Possession
nb:parallel.01	Similarity
nb:parishioner.01	People_by_jurisdiction
nb:participant.01	Participation
nb:participation.01	Participation
nb:passel.01	Aggregate
nb:pause.01	Activity_pause
nb:payment.01	Commerce_pay
nb:peek.01	Perception_active
nb:penchant.01	Inclination
nb:perception.01	Perception_experience
nb:permit.01	Permitting
nb:persistence.01	Process_continue
nb:petition.01	Request
nb:photo.01	Physical_artworks
nb:photograph.01	Physical_artworks
nb:pick.01	Choosing
nb:pioneer.01	Achieving_first
nb:piracy.01	Piracy
nb:placement.01	Placing
nb:plan.01	Purpose
nb:play.07	Performing_arts
nb:player.01	Competition
nb:pledge.01	Commitment
nb:plethora.01	Quantity
nb:posture.01	Posture
nb:poverty.01	Wealthiness
nb:practice.01	Practice
nb:praise.01	Judgment_communication
nb:prayer.01	Rite
nb:precision.01	Accuracy
nb:predicament.01	Predicament
nb:prejudice.01	Partiality
nb:preparation.01	Activity_prepare
nb:preservation.01	Preserving
nb:presumption.01	Awareness
nb:prevention.01	Preventing
nb:prince.01	Leadership
nb:probe.01	Criminal_investigation
nb:producer.01	Manufacturing
nb:progress.01	Progress
nb:prohibition.01	Prohibiting
nb:proliferation.01	Proliferating_in_number
nb:prosperity.01	Thriving
nb:protege.01	Education_teaching
nb:provision.01	Supply
nb:prowess.01	Expertise
nb:pursuer.01	Cotheme
nb:pursuit.01	Cotheme
nb:push.01	Cause_change_of_position_on_a_scale
nb:push.02	Cause_change_of_position_on_a_scale
nb:quake.01	Moving_in_place
nb:query.01	Questioning
nb:question.01	Questioning
nb:radioactivity.01	Nuclear_process
nb:raid.01	Attack
nb:rain.01	Precipitation
nb:rape.01	Rape
nb:ratification.01	Ratification
nb:reaction.01	Response
nb:reader.01	Reading
nb:realization.02	Coming_to_believe
nb:reappraisal.01	Assessing
nb:rebellion.01	Change_of_leadership
nb:rebuff.01	Respond_to_proposal
nb:receipt.01	Receiving
nb:recipe.01	Means
nb:recovery.01	Recovery
nb:recovery.02	Recovery
nb:recuperation.01	Recovery
nb:redefinition.01	Communicate_categorization
nb:reduction.01	Cause_change_of_position_on_a_scale
nb:reflection.02	Cogitation
nb:reform.01	Reforming_a_system
nb:refusal.01	Agree_or_refuse_to_act
nb:regime.01	Leadership
nb:regret.01	Experiencer_focus
nb:regulation.01	Law
nb:rehabilitation.01	Cure
nb:rejuvenation.01	Rejuvenation
nb:relaxation.01	Stimulus_focus
nb:release.01	Releasing
nb:reliance.01	Reliance
nb:remark.01	Statement
nb:remedy.01	Cure
nb:reminder.01	Evoking
nb:removal.01	Removing
nb:renunciation.01	Renunciation
nb:repayment.01	Repayment
nb:replica.01	Duplication
nb:reply.01	Communication_response
nb:report.01	Statement
nb:representation.01	Communicate_categorization
nb:reputation.01	Fame
nb:request.01	Request
nb:research.01	Research
nb:resemblance.01	Similarity
nb:resentment.01	Experiencer_focus
nb:resident.01	Residence
nb:resignation.01	Quitting
nb:respect.01	Judgment
nb:response.01	Communication_response
nb:result.01	Causation
nb:resurrection.01	Resurrection
nb:retailer.01	Commerce_sell
nb:retaliation.01	Revenge
nb:reticence.01	Volubility
nb:retirement.01	Quitting
nb:retirement.02	Quitting
nb:return.01	Arriving
nb:return.03	Arriving
nb:revelation.01	Reveal_secret
nb:revenge.01	Revenge
nb:reward.01	Rewards_and_punishments
nb:ride.01	Ride_vehicle
nb:ridicule.01	Judgment_communication
nb:ringer.01	Cause_to_make_noise
nb:rise.01	Change_position_on_a_scale
nb:robber.01	Robbery
nb:robbery.01	Robbery
nb:roomful.01	Measure_volume
nb:roommate.01	People_by_residence
nb:rule.01	Leadership
nb:rule.02	Leadership
nb:ruler.01	Leadership
nb:sacrifice.01	Rite
nb:safeguard.01	Protecting
nb:saga.01	Text
nb:scarcity.01	Scarcity
nb:scientist.01	People_by_vocation
nb:scorn.01	Judgment
nb:scramble.01	Self_motion
nb:screenplay.01	Text
nb:scrutiny.01	Scrutiny
nb:search.01	Scrutiny
nb:selection.01	Choosing
nb:seller.02	Commerce_scenario
nb:sentence.01	Sentencing
nb:separation.01	Forming_relationships
nb:shah.01	Leadership
nb:shard.01	Part_piece
nb:shelter.01	Buildings
nb:shield.01	Protecting
nb:shopping.01	Shopping
nb:shoreline.01	Relational_natural_features
nb:shuffle.01	Self_motion
nb:sibling.01	Kinship
nb:sigh.01	Breathing
nb:signal.01	Gesture
nb:signature.01	Sign_agreement
nb:slaughter.01	Killing
nb:slaying.01	Killing
nb:slew.01	Aggregate
nb:slump.01	Thriving
nb:snippet.01	Part_piece
nb:soundtrack.01	Behind_the_scenes
nb:spouse.01	Personal_relationship
nb:stable.01	Buildings
nb:star.01	Performers_and_roles
nb:statement.01	Statement
nb:statue.01	Physical_artworks
nb:stepmother.01	Kinship
nb:storage.01	Storing
nb:strike.01	Attack
nb:stroke.01	Manipulation
nb:struggle.01	Hostile_encounter
nb:study.01	Scrutiny
nb:submission.01	Submitting_documents
nb:subpoena.01	Documents
nb:subset.01	Be_subset_of
nb:substitution.01	Replacing
nb:subtraction.01	Non-commutative_process
nb:sultan.01	Leadership
nb:supplier.01	Supply
nb:supply.01	Supply
nb:supporter.01	Taking_sides
nb:surprise.01	Experiencer_obj
nb:survey.01	Scrutiny
nb:survival.01	Surviving
nb:suspect.01	Suspicion
nb:swap.01	Exchange
nb:sweat.01	Excreting
nb:swing.01	Moving_in_place
nb:swing.02	Moving_in_place
nb:sympathy.01	Emotion_directed
nb:synthesis.01	Intentionally_create
nb:tactic.01	Means
nb:target.01	Aiming
nb:teacher.01	Education_teaching
nb:temblor.01	Moving_in_place
nb:test.01	Operational_testing
nb:testing.01	Operational_testing
nb:theft.01	Theft
nb:thicket.01	Biological_area
nb:thief.01	Theft
nb:thought.01	Cogitation
nb:thousands.01	Quantity
nb:thriller.01	Text
nb:touch.03	Quantity
nb:tour.01	Travel
nb:trade.01	Exchange
nb:training.01	Education_teaching
nb:transaction.01	Commercial_transaction
nb:transfer.01	Transfer
nb:translation.01	Translating
nb:transport.01	Bringing
nb:travel.01	Travel
nb:traveler.01	Travel
nb:treatment.02	Cure
nb:trip.01	Travel
nb:trouble.01	Experiencer_obj
nb:try.01	Attempt
nb:tumble.01	Change_position_on_a_scale
nb:tumor.01	Medical_conditions
nb:turn.01	Change_direction
nb:ulcer.01	Medical_conditions
nb:underside.01	Part_orientational
nb:understanding.01	Awareness
nb:undertaking.01	Commitment
nb:unwillingness.01	Willingness
nb:use.01	Using
nb:variation.01	Cause_change
nb:vendor.01	Commerce_sell
nb:vengeance.02	Revenge
nb:vial.01	Containers
nb:victor.01	Finish_competition
nb:violation.01	Compliance
nb:virtuosity.01	Expertise
nb:visitor.01	Visiting
nb:vow.01	Commitment
nb:walk.01	Self_motion
nb:walk.02	Self_motion
nb:weariness.01	Biological_urge
nb:weather.01	Weather
nb:wedding.01	Forming_relationships
nb:weekend.01	Calendric_unit
nb:widow.01	Personal_relationship
nb:wife.01	Personal_relationship
nb:willingness.01	Willingness
nb:win.01	Finish_competition
nb:winner.01	Finish_competition
nb:wish.01	Desiring
nb:wrangling.01	Quarreling
nb:zenith.01	Extreme_point
pb:abandon.03	Activity_stop
pb:abash.01	Experiencer_obj
pb:abbreviate.01	Change_event_duration
pb:abduct.01	Kidnapping
pb:abet.01	Assistance
pb:abhor.01	Experiencer_focus
pb:abominate.01	Experiencer_focus
pb:abound.01	Abundance
pb:abrade.01	Experience_bodily_harm
pb:absorb.01	Soaking_up
pb:abstain.01	Forgoing
pb:abstract.01	Theft
pb:abuse.01	Abusing
pb:abut.01	Locative_relation
pb:accede.01	Sign_agreement
pb:accept.01	Receiving
pb:acclaim.01	Judgment_communication
pb:accompany.01	Cotheme
pb:accomplish.01	Accomplishment
pb:account.01	Justifying
pb:accredit.01	Appointing
pb:accumulate.01	Amassing
pb:ache.01	Perception_body
pb:achieve.01	Accomplishment
pb:acknowledge.01	Statement
pb:acquiesce.01	Giving_in
pb:acquire.01	Getting
pb:acquit.01	Verdict
pb:act.01	Performers_and_roles
pb:activate.01	Change_operational_state
pb:actuate.01	Cause_to_start
pb:add.01	Statement
pb:add.03	Statement
pb:address.02	Topic
pb:adhere.02	Compliance
pb:adjoin.01	Locative_relation
pb:adjust.01	Adjusting
pb:administer.01	Leadership
pb:admit.01	Reveal_secret
pb:admix.01	Cause_to_amalgamate
pb:admonish.01	Attempt_suasion
pb:admonish.02	Judgment_direct_address
pb:adopt.01	Adopt_selection
pb:adore.01	Experiencer_focus
pb:advise.01	Telling
pb:advocate.01	Attempt_suasion
pb:affect.01	Objective_influence
pb:affect.02	Feigning
pb:affirm.01	Statement
pb:affix.01	Attaching
pb:affront.01	Cause_emotion
pb:age.01	Aging
pb:aggravate.01	Experiencer_obj
pb:aggrieve.01	Experiencer_obj
pb:agonize.01	Emotion_active
pb:agree.01	Compatibility
pb:aid.01	Assistance
pb:ail.01	Perception_body
pb:aim.01	Purpose
pb:aim.02	Aiming
pb:alarm.01	Experiencer_obj
pb:allege.01	Statement
pb:alleviate.01	Cure
pb:alter.01	Cause_change
pb:amass.01	Gathering_up
pb:amaze.01	Experiencer_obj
pb:amble.01	Self_motion
pb:ambush.01	Attack
pb:amount.01	Amounting_to
pb:amount.02	Being_in_category
pb:amuse.01	Cause_to_experience
pb:anchor.01	Attaching
pb:anger.01	Experiencer_obj
pb:angle.02	Path_shape
pb:announce.01	Statement
pb:annoy.01	Experiencer_obj
pb:answer.01	Communication_response
pb:antagonize.01	Experiencer_obj
pb:anticipate.01	Expectation
pb:appeal.02	Appeal
pb:appeal.03	Experiencer_obj
pb:appear.02	Appearance
pb:applaud.01	Judgment
pb:apply.02	Using
pb:apply.04	Using
pb:appraise.01	Assessing
pb:appraise.02	Assessing
pb:apprehend.01	Arrest
pb:apprise.01	Telling
pb:approach.01	Arriving
pb:approve.01	Grant_permission
pb:arch.01	Body_movement
pb:archive.01	Placing
pb:argue.02	Quarreling
pb:arise.01	Coming_to_be
pb:arraign.01	Arraignment
pb:array.01	Arranging
pb:arrest.01	Arrest
pb:arrest.02	Cause_to_end
pb:arrive.01	Arriving
pb:articulate.01	Expressing_publicly
pb:ascend.01	Path_shape
pb:ascertain.01	Coming_to_believe
pb:ask.01	Questioning
pb:ask.02	Request
pb:asphalt.01	Filling
pb:asphalt.02	Filling
pb:aspire.01	Desiring
pb:assail.01	Attack
pb:assassinate.01	Killing
pb:assault.01	Attack
pb:assemble.02	Gathering_up
pb:assert.02	Statement
pb:assert.03	Statement
pb:assess.01	Assessing
pb:assist.01	Assistance
pb:associate.01	Relating_concepts
pb:assume.02	Adopt_selection
pb:assure.01	Telling
pb:astonish.01	Experiencer_obj
pb:astound.01	Experiencer_obj
pb:atone.01	Atonement
pb:attack.01	Attack
pb:attempt.01	Attempt
pb:attract.01	Cause_motion
pb:auction.01	Commerce_sell
pb:auction.02	Commerce_sell
pb:augur.01	Omen
pb:author.01	Text_creation
pb:authorize.01	Grant_permission
pb:avenge.01	Revenge
pb:aver.01	Statement
pb:avert.01	Preventing
pb:await.01	Expectation
pb:awake.01	Waking_up
pb:awaken.01	Cause_to_wake
pb:back.01	Taking_sides
pb:back.02	Self_motion
pb:baffle.01	Experiencer_obj
pb:bag.01	Placing
pb:bake.01	Cooking_creation
pb:balloon.01	Operate_vehicle
pb:ban.01	Prohibiting
pb:bar.01	Prohibiting
pb:barbecue.01	Apply_heat
pb:bare.01	Wearing
pb:bash.01	Cause_harm
pb:bat.01	Body_movement
pb:bathe.01	Grooming
pb:battle.01	Hostile_encounter
pb:bawl.01	Communication_noise
pb:bawl.02	Communication_noise
pb:bayonet.01	Cause_harm
pb:be.01	Performers_and_roles
pb:be.03	Performers_and_roles
pb:be.04	Performers_and_roles
pb:bear.02	Birth
pb:beat.03	Beat_opponent
pb:beat.04	Beat_opponent
pb:beat.05	Cause_harm
pb:beckon.01	Gesture
pb:become.01	Becoming
pb:become.03	Becoming
pb:beep.01	Make_noise
pb:beep.02	Make_noise
pb:befall.01	Catastrophe
pb:beget.01	Birth
pb:beguile.01	Experiencer_obj
pb:beguile.02	Experiencer_obj
pb:beguile.03	Experiencer_obj
pb:behave.01	Conduct
pb:behead.01	Killing
pb:behoove.01	Being_obligatory
pb:belch.01	Excreting
pb:belch.02	Excreting
pb:beleaguer.01	Besieging
pb:belittle.01	Judgment_communication
pb:belt.02	Cause_harm
pb:belt.03	Cause_harm
pb:bequeath.01	Giving
pb:berate.01	Judgment_direct_address
pb:beseech.01	Request
pb:besiege.01	Besieging
pb:best.01	Required_event
pb:bestow.01	Placing
pb:betroth.01	Forming_relationships
pb:bewilder.01	Experiencer_obj
pb:bewitch.01	Experiencer_obj
pb:bias.01	Partiality
pb:bicker.01	Quarreling
pb:bicycle.01	Operate_vehicle
pb:biff.01	Cause_harm
pb:bill.01	Commerce_collect
pb:bill.02	Commerce_collect
pb:billet.01	Placing
pb:bin.01	Placing
pb:birth.01	Birth
pb:bisect.01	Separating
pb:bitch.01	Complaining
pb:bivouac.01	Residence
pb:blackmail.01	Manipulate_into_doing
pb:blame.01	Judgment
pb:blanch.01	Apply_heat
pb:blanch.02	Apply_heat
pb:blanket.01	Adorning
pb:blare.01	Make_noise
pb:blast.02	Judgment_communication
pb:bless.01	Rite
pb:blink.01	Body_movement
pb:blow.01	Motion
pb:blow.04	Breathing
pb:blow.10	Bungling
pb:bludgeon.01	Cause_harm
pb:blunt.01	Cause_to_be_sharp
pb:bluster.01	Communication_manner
pb:board.01	Board_vehicle
pb:board.02	Temporary_stay
pb:boat.01	Operate_vehicle
pb:bode.01	Omen
pb:boggle.01	Experiencer_obj
pb:bolster.01	Supporting
pb:bomb.01	Attack
pb:bond.01	Attaching
pb:bone.01	Emptying
pb:boo.01	Judgment
pb:book.01	Arrest
pb:boom.01	Make_noise
pb:boot.01	Change_operational_state
pb:boot.02	Change_operational_state
pb:bop.01	Self_motion
pb:border.01	Locative_relation
pb:bore.01	Experiencer_obj
pb:bore.02	Experiencer_obj
pb:botch.01	Bungling
pb:bottle.01	Placing
pb:bound.01	Self_motion
pb:box.01	Placing
pb:box.02	Placing
pb:box.03	Placing
pb:brag.01	Bragging
pb:braid.01	Rope_manipulation
pb:braise.01	Apply_heat
pb:brawl.01	Hostile_encounter
pb:breach.01	Compliance
pb:breakfast.01	Ingestion
pb:breathe.01	Breathing
pb:breathe.02	Breathing
pb:bring.01	Bringing
pb:bring.04	Bringing
pb:brood.01	Cogitation
pb:brown.01	Apply_heat
pb:bubble.01	Fluidic_motion
pb:buckle.01	Closure
pb:buckle.02	Closure
pb:buffet.01	Cause_harm
pb:build.01	Building
pb:build.03	Building
pb:bullshit.01	Prevarication
pb:bully.01	Manipulate_into_doing
pb:bump.01	Impact
pb:bungle.01	Bungling
pb:burgeon.01	Progress
pb:burn.01	Experience_bodily_harm
pb:burp.01	Excreting
pb:burrow.01	Self_motion
pb:butter.01	Filling
pb:button.01	Closure
pb:buy.01	Commerce_buy
pb:buzz.01	Motion_noise
pb:buzz.02	Motion_noise
pb:cage.01	Placing
pb:calibrate.01	Adjusting
pb:call.01	Labeling
pb:call.04	Contacting
pb:calm.01	Experiencer_obj
pb:calve.01	Birth
pb:camouflage.01	Hiding_objects
pb:camp.01	Residence
pb:can.01	Preserving
pb:can.02	Firing
pb:canoe.01	Operate_vehicle
pb:canter.01	Self_motion
pb:cap.01	Closure
pb:capitulate.01	Giving_in
pb:captivate.01	Experiencer_obj
pb:capture.01	Conquering
pb:caravan.01	Operate_vehicle
pb:caress.01	Manipulation
pb:carjack.01	Piracy
pb:carry.01	Bringing
pb:cart.01	Bringing
pb:carve.01	Cutting
pb:carve.02	Create_representation
pb:cascade.01	Fluidic_motion
pb:cast.01	Cause_motion
pb:castigate.01	Judgment_communication
pb:catapult.01	Cause_motion
pb:catch.02	Hunting_success_or_failure
pb:catch.03	Hunting_success_or_failure
pb:categorize.01	Categorization
pb:cater.01	Assistance
pb:catnap.01	Sleep
pb:cause.01	Causation
pb:caution.01	Statement
pb:caw.01	Make_noise
pb:cease.01	Activity_stop
pb:cement.01	Attaching
pb:censure.01	Judgment_communication
pb:certify.01	Verification
pb:chafe.01	Emotion_heat
pb:chain.01	Attaching
pb:chance.01	Daring
pb:change.01	Undergo_change
pb:chant.01	Communication_manner
pb:char.01	Apply_heat
pb:characterize.01	Communicate_categorization
pb:charge.01	Commerce_collect
pb:charge.02	Attack
pb:charge.04	Commerce_collect
pb:charge.07	Commerce_collect
pb:charm.01	Experiencer_obj
pb:charter.01	Renting
pb:chase.01	Cotheme
pb:chastise.01	Judgment_direct_address
pb:chat.01	Chatting
pb:chatter.01	Make_noise
pb:check.01	Scrutiny
pb:cheep.01	Make_noise
pb:cheer.01	Experiencer_obj
pb:chew.01	Grinding
pb:chide.01	Judgment_direct_address
pb:chip.01	Damaging
pb:chirrup.01	Communication_noise
pb:choose.01	Choosing
pb:chop.01	Cutting
pb:chop.03	Cutting
pb:chuckle.01	Make_noise
pb:chuckle.02	Communication_noise
pb:chug.01	Motion_noise
pb:chug.02	Motion_noise
pb:chug.03	Motion_noise
pb:cinch.01	Attaching
pb:cinch.02	Attaching
pb:cinch.03	Attaching
pb:circle.01	Motion
pb:circumcise.01	Rite
pb:clack.01	Motion_noise
pb:claim.01	Statement
pb:clamber.01	Self_motion
pb:clank.01	Motion_noise
pb:clank.02	Motion_noise
pb:clap.01	Body_movement
pb:clasp.01	Manipulation
pb:class.01	Categorization
pb:classify.01	Categorization
pb:cleanse.01	Grooming
pb:clear.03	Verdict
pb:cleave.01	Cause_to_fragment
pb:clerk.01	Being_employed
pb:climb.01	Self_motion
pb:clomp.01	Self_motion
pb:close.01	Closure
pb:clout.01	Cause_harm
pb:club.01	Cause_harm
pb:cluck.01	Communication_noise
pb:clump.01	Motion_noise
pb:clutch.01	Manipulation
pb:clutch.02	Manipulation
pb:coach.01	Education_teaching
pb:cock.01	Body_movement
pb:coddle.01	Apply_heat
pb:coddle.02	Apply_heat
pb:cohabit.01	Personal_relationship
pb:coin.01	Achieving_first
pb:coincide.01	Simultaneity
pb:collaborate.01	Collaboration
pb:collar.01	Arrest
pb:collect.01	Commerce_collect
pb:collude.01	Collaboration
pb:colonize.01	Colonization
pb:comb.02	Grooming
pb:combust.01	Setting_fire
pb:come.01	Arriving
pb:come.02	Arriving
pb:comfort.01	Experiencer_obj
pb:commence.01	Process_start
pb:commend.01	Judgment_communication
pb:comment.01	Statement
pb:comment.02	Statement
pb:commit.01	Commitment
pb:commit.02	Committing_crime
pb:communicate.01	Communication
pb:commute.01	Travel
pb:compare.01	Evaluative_comparison
pb:compete.01	Competition
pb:complain.01	Complaining
pb:complement.01	Rest
pb:complete.01	Activity_finish
pb:compliment.01	Judgment_direct_address
pb:comply.01	Compliance
pb:comprehend.01	Grasp
pb:con.01	Manipulate_into_doing
pb:con.02	Manipulate_into_doing
pb:con.03	Manipulate_into_doing
pb:concatenate.01	Attaching
pb:conceal.01	Eclipse
pb:concede.01	Statement
pb:concern.02	Topic
pb:conciliate.01	Experiencer_obj
pb:conclude.01	Coming_to_believe
pb:conclude.02	Activity_finish
pb:concoct.01	Cooking_creation
pb:concur.01	Be_in_agreement_on_assessment
pb:condemn.01	Judgment_communication
pb:condense.01	Change_of_phase
pb:condone.01	Forgiveness
pb:conduct.01	Cotheme
pb:conduct.02	Conduct
pb:confer.01	Discussion
pb:confess.01	Reveal_secret
pb:confine.01	Inhibit_movement
pb:confirm.01	Statement
pb:confiscate.01	Removing
pb:conflict.01	Compatibility
pb:conform.01	Compliance
pb:confront.01	Hostile_encounter
pb:confuse.01	Experiencer_obj
pb:congregate.01	Come_together
pb:conjecture.01	Statement
pb:conjure.01	Evoking
pb:connect.01	Make_cognitive_connection
pb:conquer.01	Conquering
pb:consecrate.03	Rite
pb:consent.01	Commitment
pb:consider.01	Categorization
pb:consider.02	Cogitation
pb:console.01	Experiencer_obj
pb:consolidate.01	Cause_to_amalgamate
pb:conspire.01	Collaboration
pb:constitute.01	Being_in_category
pb:constrain.01	Hindering
pb:construct.01	Building
pb:construe.01	Categorization
pb:consume.01	Ingestion
pb:contact.01	Contacting
pb:contemplate.01	Cogitation
pb:contend.01	Statement
pb:contract.01	Expansion
pb:contradict.01	Evidence
pb:contravene.01	Compliance
pb:contribute.01	Giving
pb:contrive.02	Coming_up_with
pb:converse.01	Chatting
pb:convict.01	Verdict
pb:cooperate.01	Collaboration
pb:core.01	Emptying
pb:core.02	Emptying
pb:corroborate.01	Evidence
pb:cost.01	Expensiveness
pb:couch.01	Encoding
pb:cough.01	Make_noise
pb:cough.02	Make_noise
pb:count.01	Being_in_category
pb:count.02	Categorization
pb:count.03	Reliance
pb:count.04	Importance
pb:counter.01	Communication_response
pb:course.01	Fluidic_motion
pb:court.01	Personal_relationship
pb:cover.01	Topic
pb:cover.03	Topic
pb:covet.01	Desiring
pb:crack.02	Cause_harm
pb:crackle.01	Motion_noise
pb:cram.02	Education_teaching
pb:crane.01	Body_movement
pb:crash.01	Impact
pb:crate.01	Placing
pb:crave.01	Desiring
pb:crawl.01	Self_motion
pb:crease.01	Body_movement
pb:creep.01	Self_motion
pb:crepitate.01	Make_noise
pb:crinkle.01	Body_movement
pb:criticize.01	Judgment_communication
pb:critique.01	Judgment_communication
pb:croak.01	Death
pb:crow.01	Communication_noise
pb:crown.01	Change_of_leadership
pb:crown.02	Change_of_leadership
pb:crown.03	Change_of_leadership
pb:crown.04	Change_of_leadership
pb:crucify.01	Killing
pb:cruise.01	Ride_vehicle
pb:crumble.01	Grinding
pb:cry.01	Communication_noise
pb:cube.01	Cutting
pb:cudgel.01	Cause_harm
pb:cuff.01	Cause_harm
pb:cultivate.01	Agriculture
pb:cure.01	Cure
pb:cure.02	Preserving
pb:curl.01	Hair_configuration
pb:curtail.01	Cause_change_of_position_on_a_scale
pb:cut.02	Cause_change_of_position_on_a_scale
pb:cut.05	Cause_change_of_position_on_a_scale
pb:cycle.01	Operate_vehicle
pb:cycle.02	Operate_vehicle
pb:damage.01	Damaging
pb:damn.01	Judgment_communication
pb:dampen.01	Cause_to_be_wet
pb:dance.01	Self_motion
pb:dance.02	Self_motion
pb:dare.01	Daring
pb:dart.01	Self_motion
pb:dart.02	Self_motion
pb:dart.03	Self_motion
pb:dash.02	Self_motion
pb:date.02	Personal_relationship
pb:dazzle.01	Experiencer_obj
pb:deactivate.01	Change_operational_state
pb:deal.01	Resolve_problem
pb:debark.01	Disembarking
pb:debate.01	Discussion
pb:debone.01	Emptying
pb:debug.01	Emptying
pb:decapitate.01	Killing
pb:decay.01	Rotting
pb:decease.01	Death
pb:deceive.01	Prevarication
pb:decide.01	Deciding
pb:deck.01	Adorning
pb:declare.01	Statement
pb:declare.02	Statement
pb:decline.01	Change_position_on_a_scale
pb:decline.02	Agree_or_refuse_to_act
pb:decompose.01	Rotting
pb:decontaminate.01	Emptying
pb:decorate.01	Adorning
pb:decouple.01	Becoming_detached
pb:decrease.01	Change_position_on_a_scale
pb:decry.01	Judgment_communication
pb:deduce.01	Coming_to_believe
pb:deem.01	Categorization
pb:deface.01	Damaging
pb:defecate.01	Excreting
pb:defect.01	Quitting_a_place
pb:defend.01	Justifying
pb:defer.01	Change_event_time
pb:deforest.01	Emptying
pb:defraud.01	Manipulate_into_doing
pb:degrease.01	Emptying
pb:dehumidify.01	Cause_to_be_dry
pb:dehydrate.01	Cause_to_be_dry
pb:deify.01	Judgment
pb:delight.01	Experiencer_obj
pb:delight.03	Experiencer_obj
pb:deliver.01	Delivery
pb:deliver.101	Delivery
pb:deliver.LV	Delivery
pb:delouse.01	Emptying
pb:demand.01	Request
pb:demolish.01	Destroying
pb:denigrate.01	Judgment_communication
pb:denote.01	Linguistic_meaning
pb:denounce.01	Judgment_communication
pb:denude.01	Emptying
pb:depart.01	Departing
pb:depict.01	Communicate_categorization
pb:deplore.01	Judgment
pb:deploy.01	Arranging
pb:depose.01	Change_of_leadership
pb:deprecate.01	Judgment_communication
pb:depress.01	Experiencer_obj
pb:depress.02	Experiencer_obj
pb:deprive.01	Prevent_from_having
pb:derail.01	Thwarting
pb:deride.01	Judgment_communication
pb:descale.01	Emptying
pb:descend.01	Path_shape
pb:describe.01	Communicate_categorization
pb:descry.01	Becoming_aware
pb:deserve.01	Deserving
pb:desiccate.01	Cause_to_be_dry
pb:design.01	Coming_up_with
pb:desire.01	Desiring
pb:despair.01	Experiencer_focus
pb:despise.01	Experiencer_focus
pb:destroy.01	Destroying
pb:detach.01	Attaching
pb:detail.01	Statement
pb:detain.01	Detaining
pb:detect.01	Perception_experience
pb:detest.01	Experiencer_focus
pb:dethrone.01	Change_of_leadership
pb:devastate.01	Destroying
pb:devein.01	Emptying
pb:develop.01	Coming_to_be
pb:devise.01	Coming_up_with
pb:devour.01	Ingestion
pb:dice.01	Cutting
pb:die.01	Death
pb:differ.02	Similarity
pb:differentiate.01	Differentiation
pb:differentiate.101	Differentiation
pb:diminish.01	Change_position_on_a_scale
pb:dine.01	Ingestion
pb:dip.01	Change_position_on_a_scale
pb:dip.02	Dunking
pb:direct.01	Behind_the_scenes
pb:disable.01	Render_nonfunctional
pb:disappear.01	Departing
pb:disappoint.01	Experiencer_obj
pb:disapprove.01	Judgment
pb:disarm.01	Emptying
pb:disburse.01	Commerce_pay
pb:discard.01	Removing
pb:discern.01	Becoming_aware
pb:discipline.01	Rewards_and_punishments
pb:disclose.01	Reveal_secret
pb:discomfit.01	Experiencer_obj
pb:disconcert.01	Experiencer_obj
pb:discourage.01	Experiencer_obj
pb:discover.01	Becoming_aware
pb:discriminate.01	Differentiation
pb:disdain.01	Judgment
pb:disembark.01	Disembarking
pb:disembowel.01	Emptying
pb:disgorge.01	Removing
pb:dishearten.01	Experiencer_obj
pb:dislike.01	Experiencer_focus
pb:dislodge.01	Removing
pb:dismantle.01	Destroying
pb:dismiss.01	Firing
pb:dismount.01	Disembarking
pb:disobey.01	Compliance
pb:disparage.01	Judgment_communication
pb:dispatch.01	Sending
pb:disperse.01	Dispersal
pb:displease.01	Experiencer_obj
pb:dissect.01	Cause_to_fragment
pb:dissemble.01	Prevarication
pb:disseminate.01	Dispersal
pb:dissipate.01	Ceasing_to_be
pb:dissolve.01	Dispersal
pb:dissuade.01	Suasion
pb:distinguish.01	Differentiation
pb:distress.01	Experiencer_obj
pb:distribute.01	Dispersal
pb:disturb.01	Experiencer_obj
pb:dither.01	Waver_between_options
pb:dive.02	Path_shape
pb:divest.01	Emptying
pb:divide.01	Non-commutative_process
pb:divorce.01	Forming_relationships
pb:divulge.01	Reveal_secret
pb:document.01	Recording
pb:dodge.01	Avoiding
pb:doff.01	Undressing
pb:dog.01	Cotheme
pb:don.01	Dressing
pb:donate.01	Giving
pb:dot.01	Adorning
pb:double.01	Change_position_on_a_scale
pb:doubt.01	Certainty
pb:douse.01	Cause_to_be_wet
pb:dovetail.01	Compatibility
pb:down.02	Ingestion
pb:downsize.01	Firing
pb:doze.01	Sleep
pb:draft.01	Text_creation
pb:drag.01	Cause_motion
pb:draw.02	Cause_motion
pb:drawl.01	Communication_manner
pb:dread.01	Experiencer_focus
pb:drench.01	Cause_to_be_wet
pb:dress.01	Dressing
pb:drink.01	Ingestion
pb:drip.01	Cause_fluidic_motion
pb:drive.02	Subjective_influence
pb:drowse.01	Sleep
pb:dub.01	Name_conferral
pb:duck.01	Avoiding
pb:duel.01	Hostile_encounter
pb:dull.01	Cause_to_be_sharp
pb:dump.01	Judgment_communication
pb:dunk.01	Dunking
pb:dunk.02	Dunking
pb:dupe.01	Manipulate_into_doing
pb:duplicate.01	Duplication
pb:dust.02	Removing
pb:dust.03	Removing
pb:dwell.01	Residence
pb:dye.01	Processing_materials
pb:earn.01	Earnings_and_losses
pb:ease.01	Cure
pb:ease.02	Cure
pb:eat.01	Ingestion
pb:eavesdrop.01	Perception_active
pb:echo.01	Sound_movement
pb:edge.01	Path_shape
pb:educate.01	Education_teaching
pb:eject.01	Removing
pb:elbow.01	Cause_harm
pb:elect.01	Change_of_leadership
pb:electrocute.01	Cause_harm
pb:elicit.01	Cause_to_start
pb:emanate.01	Emanating
pb:embalm.01	Preserving
pb:embarrass.01	Experiencer_obj
pb:embed.01	Placing
pb:embellish.01	Filling
pb:embezzle.01	Theft
pb:embitter.01	Experiencer_obj
pb:embrace.01	Adopt_selection
pb:emerge.01	Departing
pb:emerge.02	Coming_to_be
pb:emigrate.01	Quitting_a_place
pb:emit.01	Emitting
pb:empathize.01	Others_situation_as_stimulus
pb:emplace.01	Placing
pb:employ.02	Using
pb:enchant.01	Experiencer_obj
pb:encircle.01	Adorning
pb:encounter.01	Encounter
pb:encourage.01	Experiencer_obj
pb:encrust.01	Adorning
pb:encumber.01	Hindering
pb:end.03	Becoming
pb:endanger.01	Endangering
pb:endeavor.01	Attempt
pb:endorse.01	Taking_sides
pb:endow.01	Bond_maturation
pb:endure.01	Tolerating
pb:enforce.01	Enforcing
pb:engender.01	Cause_to_start
pb:enhance.01	Cause_change_of_position_on_a_scale
pb:enjoy.01	Emotions_of_mental_activity
pb:enlarge.01	Cause_expansion
pb:enlist.01	Becoming_a_member
pb:enrage.01	Experiencer_obj
pb:enrich.01	Processing_materials
pb:enroll.01	Becoming_a_member
pb:enthrall.01	Experiencer_obj
pb:entice.01	Attempt_suasion
pb:entitle.01	Permitting
pb:entitle.02	Name_conferral
pb:entreat.01	Request
pb:envelop.01	Adorning
pb:envy.01	Experiencer_focus
pb:equal.01	Evaluative_comparison
pb:equip.01	Supply
pb:equivocate.01	Prevarication
pb:erect.01	Building
pb:erupt.01	Process_start
pb:erupt.02	Process_start
pb:eschew.01	Avoiding
pb:escort.01	Cotheme
pb:espy.01	Becoming_aware
pb:establish.01	Intentionally_create
pb:esteem.01	Judgment
pb:estimate.01	Estimating
pb:etch.01	Processing_materials
pb:evacuate.01	Escaping
pb:evaluate.01	Assessing
pb:evaluate.101	Assessing
pb:evaporate.01	Change_of_phase
pb:evict.01	Removing
pb:evidence.01	Evidence
pb:evince.01	Evidence
pb:eviscerate.01	Emptying
pb:evoke.01	Evoking
pb:evolve.01	Coming_to_be
pb:evolve.02	Coming_to_be
pb:exalt.01	Judgment
pb:exasperate.01	Experiencer_obj
pb:exceed.01	Surpassing
pb:excel.01	Expertise
pb:excise.01	Removing
pb:excite.01	Experiencer_obj
pb:exclaim.01	Statement
pb:exclude.01	Inclusion
pb:excommunicate.01	Exclude_member
pb:excoriate.01	Judgment_communication
pb:excrete.01	Emitting
pb:excuse.01	Forgiveness
pb:execrate.01	Judgment_communication
pb:exercise.02	Exercising
pb:exhaust.01	Exhaust_resource
pb:exhibit.01	Cause_to_perceive
pb:exhilarate.01	Experiencer_obj
pb:exhort.01	Attempt_suasion
pb:exist.01	Existence
pb:expect.01	Expectation
pb:expend.01	Exhaust_resource
pb:experience.01	Feeling
pb:expiate.01	Atonement
pb:explain.01	Explaining_the_facts
pb:explode.02	Change_position_on_a_scale
pb:explode.03	Change_position_on_a_scale
pb:expose.01	Reveal_secret
pb:expound.01	Speak_on_topic
pb:express.01	Encoding
pb:express.02	Sending
pb:expurgate.01	Removing
pb:extend.01	Change_event_duration
pb:extend.02	Offering
pb:exterminate.01	Killing
pb:extol.01	Judgment_communication
pb:extract.01	Removing
pb:extradite.01	Extradition
pb:eye.01	Perception_active
pb:eyeball.01	Scrutiny
pb:fabricate.01	Manufacturing
pb:face.01	Confronting_problem
pb:fade.01	Ceasing_to_be
pb:faint.01	Fall_asleep
pb:fake.01	Forging
pb:falsify.01	Forging
pb:fancy.01	Desiring
pb:fancy.02	Desiring
pb:fare.01	Thriving
pb:farm.01	Agriculture
pb:fart.01	Excreting
pb:fart.02	Excreting
pb:fascinate.01	Experiencer_obj
pb:fashion.01	Building
pb:father.01	Birth
pb:fathom.01	Grasp
pb:fault.01	Judgment
pb:favor.01	Partiality
pb:faze.01	Experiencer_obj
pb:fear.01	Experiencer_focus
pb:feast.01	Ingestion
pb:feature.01	Performers_and_roles
pb:feed.01	Ingestion
pb:feel.03	Seeking
pb:feel.04	Seeking
pb:feign.01	Feigning
pb:ferry.01	Bringing
pb:fester.01	Rotting
pb:festoon.01	Adorning
pb:fetch.01	Bringing
pb:fetter.01	Attaching
pb:fidget.01	Body_movement
pb:figure.01	Opinion
pb:figure.02	Opinion
pb:figure.05	Coming_to_believe
pb:filch.01	Theft
pb:file.03	Self_motion
pb:fillet.01	Cutting
pb:film.01	Behind_the_scenes
pb:fine.01	Fining
pb:finger.01	Manipulation
pb:finish.01	Activity_finish
pb:fire.02	Firing
pb:fit.01	Suitability
pb:fix.01	Activity_prepare
pb:fix.03	Bail_decision
pb:fizz.01	Motion_noise
pb:fizzle.01	Make_noise
pb:flabbergast.01	Experiencer_obj
pb:flagellate.01	Cause_harm
pb:flake.01	Grinding
pb:flap.01	Body_movement
pb:flare.02	Light_movement
pb:flatten.01	Reshaping
pb:flatter.01	Manipulate_into_doing
pb:flee.01	Evading
pb:flex.01	Body_movement
pb:flicker.01	Light_movement
pb:fling.01	Cause_motion
pb:flip-flop.01	Waver_between_options
pb:flit.01	Self_motion
pb:float.01	Motion
pb:flock.01	Mass_motion
pb:flock.02	Mass_motion
pb:flood.01	Filling
pb:floor.01	Experiencer_obj
pb:floor.02	Experiencer_obj
pb:flop.01	Moving_in_place
pb:floss.01	Grooming
pb:flounce.01	Self_motion
pb:flourish.01	Thriving
pb:flout.01	Compliance
pb:flow.01	Fluidic_motion
pb:fluster.01	Experiencer_obj
pb:flutter.01	Body_movement
pb:flux.02	Cause_change_of_phase
pb:flux.03	Cause_to_amalgamate
pb:focus.01	Place_weight_on
pb:foil.01	Thwarting
pb:foist.01	Giving
pb:fold.02	Reshaping
pb:fold.03	Reshaping
pb:fold.05	Reshaping
pb:follow.01	Relative_time
pb:follow.02	Compliance
pb:fool.01	Prevarication
pb:forage.01	Seeking
pb:forecast.01	Predicting
pb:forego.01	Forgoing
pb:foresee.01	Expectation
pb:foreshadow.01	Omen
pb:forestall.01	Thwarting
pb:forge.01	Forging
pb:forgive.01	Forgiveness
pb:forgo.01	Avoiding
pb:fortify.01	Cause_change_of_strength
pb:forward.01	Sending
pb:found.01	Intentionally_create
pb:founder.01	Bungling
pb:frame.04	Encoding
pb:frame.05	Encoding
pb:frame.06	Encoding
pb:freeze.02	Activity_pause
pb:fret.01	Emotion_active
pb:frighten.01	Experiencer_obj
pb:frolic.01	Self_motion
pb:frown.01	Making_faces
pb:frown.02	Making_faces
pb:frustrate.01	Experiencer_obj
pb:fry.01	Apply_heat
pb:fume.01	Emotion_heat
pb:fume.02	Emotion_heat
pb:furnish.01	Supply
pb:fuss.01	Emotion_active
pb:gab.01	Chatting
pb:gabble.01	Communication_manner
pb:gain.01	Change_position_on_a_scale
pb:gain.02	Getting
pb:gall.01	Experiencer_obj
pb:galvanize.01	Subjective_influence
pb:galvanize.02	Subjective_influence
pb:galvanize.03	Processing_materials
pb:gambol.01	Self_motion
pb:gape.01	Perception_active
pb:garage.01	Placing
pb:garnish.01	Adorning
pb:garnish.02	Adorning
pb:garrotte.01	Killing
pb:gash.01	Cause_harm
pb:gasp.02	Communication_noise
pb:gather.01	Gathering_up
pb:gawk.01	Perception_active
pb:gaze.01	Perception_active
pb:gear.02	Activity_prepare
pb:gesticulate.01	Gesture
pb:gesture.01	Gesture
pb:get.01	Grasp
pb:get.02	Grasp
pb:get.03	Becoming
pb:get.16	Revenge
pb:gibber.01	Communication_manner
pb:gibe.01	Judgment_communication
pb:gift.01	Giving
pb:giggle.01	Make_noise
pb:gild.01	Filling
pb:give.01	Giving
pb:give.06	Giving
pb:give.13	Giving
pb:give.14	Giving
pb:give.LV	Giving
pb:gladden.01	Experiencer_obj
pb:glance.01	Perception_active
pb:glaze.01	Filling
pb:gleam.01	Location_of_light
pb:glide.01	Motion
pb:glide.02	Motion
pb:glimpse.01	Punctual_perception
pb:gloat.01	Statement
pb:gnash.01	Body_movement
pb:gnash.02	Body_movement
pb:go.15	Process_continue
pb:go.19	Going_back_on_a_commitment
pb:go.22	Compatibility
pb:go.25	Speak_on_topic
pb:goggle.01	Perception_active
pb:gossip.01	Chatting
pb:govern.01	Leadership
pb:grab.01	Manipulation
pb:grade.01	Assessing
pb:grade.02	Assessing
pb:gratify.01	Experiencer_obj
pb:graze.01	Cause_impact
pb:grieve.01	Experiencer_focus
pb:grimace.01	Making_faces
pb:grin.01	Making_faces
pb:grin.02	Making_faces
pb:grind.01	Grinding
pb:grind.02	Grinding
pb:grind.03	Body_movement
pb:grip.01	Manipulation
pb:groan.01	Communication_noise
pb:groom.01	Grooming
pb:groove.01	Emotions_of_mental_activity
pb:groove.02	Emotions_of_mental_activity
pb:grope.01	Seeking
pb:grouse.01	Complaining
pb:grow.02	Becoming
pb:guard.01	Protecting
pb:guess.01	Coming_to_believe
pb:guffaw.01	Make_noise
pb:gulp.01	Ingestion
pb:gulp.02	Ingestion
pb:gum.01	Attaching
pb:gush.02	Fluidic_motion
pb:gut.01	Emptying
pb:guzzle.01	Ingestion
pb:hail.01	Precipitation
pb:hail.02	Judgment_communication
pb:hail.03	Precipitation
pb:hammer.01	Cause_harm
pb:hammer.02	Cause_harm
pb:hammer.05	Cause_harm
pb:hamper.01	Hindering
pb:hamstring.01	Thwarting
pb:hand.01	Giving
pb:hand.02	Giving
pb:hand.03	Giving
pb:handicap.01	Hindering
pb:hanker.01	Desiring
pb:happen.01	Event
pb:harass.01	Manipulate_into_doing
pb:harass.02	Manipulate_into_doing
pb:harmonize.01	Compatibility
pb:harvest.01	Food_gathering
pb:hasten.01	Self_motion
pb:hatch.01	Coming_up_with
pb:haul.02	Cause_motion
pb:haul.03	Cause_motion
pb:have.03	Possession
pb:hawk.02	Make_noise
pb:head.01	Leadership
pb:head.02	Self_motion
pb:hear.01	Perception_experience
pb:hearten.01	Experiencer_obj
pb:heat.01	Cause_temperature_change
pb:heat.02	Cause_temperature_change
pb:help.01	Assistance
pb:help.02	Assistance
pb:help.03	Assistance
pb:herd.01	Gathering_up
pb:hide.01	Eclipse
pb:hijack.01	Piracy
pb:hike.01	Self_motion
pb:hike.02	Self_motion
pb:hinder.01	Hindering
pb:hinge.01	Contingency
pb:hire.01	Hiring
pb:hiss.01	Communication_noise
pb:hitch.01	Attaching
pb:hobble.01	Self_motion
pb:hobble.02	Self_motion
pb:hold.01	Containing
pb:hold.04	Opinion
pb:honk.01	Cause_to_make_noise
pb:honor.01	Compliance
pb:honor.02	Compliance
pb:hoodwink.01	Prevarication
pb:hook.01	Attaching
pb:hop.02	Board_vehicle
pb:hope.01	Desiring
pb:hose.01	Render_nonfunctional
pb:hospitalize.01	Institutionalization
pb:hound.01	Cotheme
pb:hum.02	Make_noise
pb:humidify.01	Cause_to_be_wet
pb:humiliate.01	Experiencer_obj
pb:hunger.01	Desiring
pb:hunt.01	Seeking
pb:hurl.01	Cause_motion
pb:hurry.01	Self_motion
pb:hydrate.01	Cause_to_be_wet
pb:identify.01	Verification
pb:identify.02	Categorization
pb:ignite.01	Setting_fire
pb:illustrate.02	Evidence
pb:imagine.01	Awareness
pb:imbibe.01	Ingestion
pb:imitate.01	Imitating
pb:immerse.01	Placing
pb:impact.02	Impact
pb:impale.01	Cause_harm
pb:impede.01	Hindering
pb:imperil.01	Endangering
pb:impersonate.01	Posing_as
pb:implant.01	Placing
pb:implement.01	Execute_plan
pb:implore.01	Request
pb:imply.01	Evidence
pb:import.01	Import_export
pb:impress.01	Experiencer_obj
pb:impress.02	Experiencer_obj
pb:imprison.01	Imprisonment
pb:improve.01	Cause_to_make_progress
pb:improve.02	Cause_to_make_progress
pb:improvise.01	Coming_up_with
pb:incapacitate.01	Render_nonfunctional
pb:incarcerate.01	Imprisonment
pb:incense.01	Experiencer_obj
pb:incorporate.02	Inclusion
pb:increase.01	Change_position_on_a_scale
pb:indict.01	Notification_of_charges
pb:indurate.01	Cause_change_of_consistency
pb:infer.01	Coming_to_believe
pb:infuriate.01	Experiencer_obj
pb:ingest.01	Ingestion
pb:inhabit.01	Residence
pb:inhale.01	Breathing
pb:inhibit.01	Hindering
pb:initiate.01	Activity_start
pb:initiate.02	Rite
pb:insert.01	Placing
pb:insist.01	Statement
pb:inspect.01	Inspecting
pb:inspire.01	Subjective_influence
pb:inspissate.01	Cause_change_of_consistency
pb:instigate.01	Cause_to_start
pb:institute.01	Execute_plan
pb:institutionalize.01	Institutionalization
pb:insulate.01	Protecting
pb:insulate.02	Protecting
pb:insult.01	Cause_emotion
pb:intend.01	Purpose
pb:intercept.01	Intercepting
pb:interest.01	Experiencer_obj
pb:interfere.01	Hindering
pb:interpret.01	Categorization
pb:interrogate.01	Questioning
pb:interrupt.01	Interrupt_process
pb:intimidate.01	Experiencer_obj
pb:intrigue.01	Experiencer_obj
pb:invent.01	Achieving_first
pb:invest.01	Besieging
pb:invigorate.01	Rejuvenation
pb:invite.01	Request
pb:irk.01	Experiencer_obj
pb:irritate.01	Experiencer_obj
pb:itch.02	Desiring
pb:jab.01	Cause_impact
pb:jabber.01	Communication_manner
pb:jail.01	Imprisonment
pb:jam.01	Filling
pb:jeer.01	Judgment_direct_address
pb:jibe.01	Compatibility
pb:jiggle.01	Body_movement
pb:jog.01	Self_motion
pb:jog.02	Self_motion
pb:join.01	Cause_to_amalgamate
pb:jot.01	Text_creation
pb:jot.02	Text_creation
pb:journey.01	Travel
pb:judge.01	Assessing
pb:jumble.01	Cause_to_amalgamate
pb:keen.01	Make_noise
pb:keep.10	Activity_ongoing
pb:kick.01	Cause_harm
pb:kid.01	Prevarication
pb:kidnap.01	Kidnapping
pb:kill.01	Killing
pb:kindle.01	Setting_fire
pb:kiss.01	Manipulation
pb:knead.01	Manipulation
pb:knife.01	Cause_harm
pb:knock.02	Cause_change_of_position_on_a_scale
pb:knot.01	Rope_manipulation
pb:label.01	Labeling
pb:lack.01	Possession
pb:lament.01	Complaining
pb:languish.01	Thriving
pb:lap.01	Ingestion
pb:lash.01	Attaching
pb:last.01	Duration_relation
pb:laud.01	Judgment_communication
pb:laugh.01	Make_noise
pb:laugh.02	Make_noise
pb:lave.01	Grooming
pb:lave.02	Grooming
pb:lavish.01	Stinginess
pb:lead.01	Cotheme
pb:lead.02	Leadership
pb:leap.01	Traversing
pb:lease.01	Renting
pb:lease.02	Renting_out
pb:leave.02	Giving
pb:lecture.01	Speak_on_topic
pb:let.01	Grant_permission
pb:level.01	Destroying
pb:lick.01	Manipulation
pb:lick.02	Manipulation
pb:lie.02	Prevarication
pb:lift.01	Body_movement
pb:light.01	Setting_fire
pb:like.01	Experiencer_focus
pb:limp.01	Self_motion
pb:line.01	Adorning
pb:liquidate.01	Killing
pb:lisp.01	Communication_manner
pb:live.01	Residence
pb:live.02	Residence
pb:live.04	Residence
pb:load.02	Filling
pb:loathe.01	Experiencer_focus
pb:lobby.01	Attempt_suasion
pb:locate.02	Becoming_aware
pb:lock.01	Inhibit_movement
pb:lock.06	Inhibit_movement
pb:lodge.01	Residence
pb:lodge.02	Placing
pb:long.01	Desiring
pb:look.02	Appearance
pb:loop.01	Manipulate_into_shape
pb:lope.01	Self_motion
pb:love.01	Experiencer_focus
pb:love.02	Experiencer_focus
pb:lower.01	Cause_change_of_position_on_a_scale
pb:lug.01	Bringing
pb:lumber.01	Self_motion
pb:lump.01	Cause_to_amalgamate
pb:lunch.01	Ingestion
pb:lunge.01	Self_motion
pb:lurch.01	Self_motion
pb:lust.01	Desiring
pb:luxuriate.01	Emotions_of_mental_activity
pb:madden.01	Experiencer_obj
pb:magnify.01	Cause_expansion
pb:mail.01	Sending
pb:maim.01	Cause_harm
pb:make.02	Causation
pb:make.14	Arriving
pb:manacle.01	Attaching
pb:manicure.01	Grooming
pb:manipulate.02	Manipulate_into_doing
pb:manufacture.01	Manufacturing
pb:mar.01	Damaging
pb:march.01	Self_motion
pb:march.02	Self_motion
pb:marinate.01	Soaking
pb:mark.01	Sign
pb:mark.02	Sign
pb:marry.01	Forming_relationships
pb:mash.01	Reshaping
pb:masquerade.01	Posing_as
pb:massacre.01	Killing
pb:massage.01	Manipulation
pb:master.01	Education_teaching
pb:masticate.01	Grinding
pb:materialize.01	Coming_to_be
pb:maul.01	Cause_harm
pb:measure.01	Dimension
pb:meditate.01	Cogitation
pb:meet.02	Make_acquaintance
pb:meld.01	Cause_to_amalgamate
pb:mention.01	Statement
pb:merit.01	Deserving
pb:mew.01	Make_noise
pb:microwave.01	Apply_heat
pb:mill.02	Grinding
pb:mimic.01	Imitating
pb:mince.01	Self_motion
pb:mince.02	Cutting
pb:misappropriate.01	Theft
pb:misbehave.01	Conduct
pb:mislead.01	Prevarication
pb:mislead.02	Prevarication
pb:misplace.01	Losing
pb:misrepresent.01	Prevarication
pb:misspell.01	Spelling_and_pronouncing
pb:mix.01	Cause_to_amalgamate
pb:modify.01	Cause_change
pb:moisten.01	Cause_to_be_wet
pb:mold.01	Reshaping
pb:mollify.01	Experiencer_obj
pb:monitor.01	Scrutiny
pb:moo.01	Make_noise
pb:mortify.01	Experiencer_obj
pb:mosey.01	Self_motion
pb:mother.01	Birth
pb:motion.01	Gesture
pb:mourn.01	Experiencer_focus
pb:mouth.01	Communication_manner
pb:mulct.01	Fining
pb:multiply.01	Proliferating_in_number
pb:mumble.01	Communication_manner
pb:mummify.01	Preserving
pb:munch.01	Ingestion
pb:murder.01	Killing
pb:murmur.01	Communication_noise
pb:muse.01	Cogitation
pb:mushroom.01	Change_position_on_a_scale
pb:mutilate.01	Cause_harm
pb:mutter.01	Communication_manner
pb:mystify.01	Experiencer_obj
pb:nab.01	Arrest
pb:name.02	Name_conferral
pb:nap.01	Sleep
pb:narrow.01	Cause_expansion
pb:natter.01	Communication_manner
pb:negotiate.01	Discussion
pb:neigh.01	Make_noise
pb:neighbor.01	Locative_relation
pb:net.01	Earnings_and_losses
pb:net.02	Earnings_and_losses
pb:nettle.01	Experiencer_obj
pb:nibble.01	Ingestion
pb:nick.01	Damaging
pb:nickname.01	Name_conferral
pb:nip.01	Manipulation
pb:nod.01	Gesture
pb:nose.01	Seeking
pb:nosh.01	Ingestion
pb:note.02	Becoming_aware
pb:notice.01	Becoming_aware
pb:notify.01	Telling
pb:nurse.01	Cure
pb:obey.01	Compliance
pb:obligate.01	Imposing_obligation
pb:obliterate.01	Destroying
pb:obscure.01	Eclipse
pb:observe.02	Statement
pb:obsess.01	Emotion_active
pb:obtain.01	Getting
pb:obviate.01	Preventing
pb:occlude.01	Eclipse
pb:occupy.01	Residence
pb:occur.01	Event
pb:offend.01	Experiencer_obj
pb:offer.01	Offering
pb:okay.01	Grant_permission
pb:ooze.01	Fluidic_motion
pb:open.03	Body_movement
pb:oppose.01	Taking_sides
pb:opt.01	Choosing
pb:outdo.01	Surpassing
pb:outfit.01	Supply
pb:outlaw.01	Prohibiting
pb:outline.01	Summarizing
pb:outrage.01	Experiencer_obj
pb:outshine.01	Surpassing
pb:outstrip.01	Surpassing
pb:overhaul.01	Reforming_a_system
pb:overhear.01	Perception_experience
pb:overheat.01	Cause_temperature_change
pb:overrun.01	Invading
pb:overthrow.01	Change_of_leadership
pb:own.01	Possession
pb:oxidize.01	Corroding_caused
pb:pace.01	Self_motion
pb:pace.02	Self_motion
pb:pacify.01	Experiencer_obj
pb:pack.01	Filling
pb:package.01	Placing
pb:pad.01	Self_motion
pb:paddle.01	Operate_vehicle
pb:page.01	Contacting
pb:pain.01	Perception_body
pb:paint.02	Create_representation
pb:pair.01	Cause_to_amalgamate
pb:pair.02	Cause_to_amalgamate
pb:pale.01	Surpassing
pb:pale.02	Surpassing
pb:pan.01	Seeking
pb:panel.01	Filling
pb:pant.01	Breathing
pb:pant.02	Breathing
pb:parachute.01	Operate_vehicle
pb:parboil.01	Apply_heat
pb:pare.01	Cutting
pb:park.01	Placing
pb:participate.01	Participation
pb:partition.01	Separating
pb:partner.01	Collaboration
pb:pass.03	Path_shape
pb:pass.09	Passing
pb:pass.14	Passing
pb:pass.19	Passing
pb:paste.01	Attaching
pb:paw.01	Manipulation
pb:pay.01	Commerce_pay
pb:pay.06	Commerce_pay
pb:peal.01	Make_noise
pb:pedal.01	Operate_vehicle
pb:pee.01	Excreting
pb:peek.01	Perception_active
pb:peel.01	Emptying
pb:peep.02	Perception_active
pb:peer.01	Perception_active
pb:pen.01	Text_creation
pb:pen.02	Text_creation
pb:people.01	Colonization
pb:percolate.01	Fluidic_motion
pb:perfect.01	Cause_to_make_progress
pb:perform.01	Intentionally_act
pb:perform.LV	Intentionally_act
pb:perpetrate.01	Committing_crime
pb:perplex.01	Experiencer_obj
pb:persist.01	Process_continue
pb:perspire.01	Excreting
pb:persuade.01	Suasion
pb:perturb.01	Experiencer_obj
pb:photocopy.01	Duplication
pb:photograph.01	Create_representation
pb:pickle.01	Preserving
pb:pigeonhole.01	Categorization
pb:pile.01	Placing
pb:pile.03	Filling
pb:pilfer.01	Theft
pb:pinch.01	Manipulation
pb:pinch.02	Theft
pb:pine.01	Desiring
pb:ping.01	Motion_noise
pb:pioneer.01	Achieving_first
pb:pirate.01	Piracy
pb:piss.01	Excreting
pb:piss.02	Excreting
pb:pit.02	Emptying
pb:pitch.01	Cause_motion
pb:placate.01	Experiencer_obj
pb:place.01	Placing
pb:place.LV	Placing
pb:plait.01	Grooming
pb:plan.01	Purpose
pb:plant.01	Placing
pb:plaster.01	Attaching
pb:plead.01	Request
pb:plead.02	Entering_of_plea
pb:please.01	Experiencer_obj
pb:pledge.01	Commitment
pb:plod.01	Self_motion
pb:plonk.01	Make_noise
pb:plop.01	Impact
pb:plunge.01	Motion_directional
pb:plunge.02	Placing
pb:poach.01	Apply_heat
pb:poach.02	Apply_heat
pb:pocket.01	Placing
pb:poison.02	Cause_harm
pb:ponder.01	Cogitation
pb:pontificate.01	Speak_on_topic
pb:pop.05	Ingest_substance
pb:populate.01	Colonization
pb:pore.01	Reading
pb:portend.01	Omen
pb:portray.01	Communicate_categorization
pb:pose.01	Posing_as
pb:position.01	Placing
pb:possess.01	Possession
pb:postpone.01	Change_event_time
pb:pot.01	Placing
pb:pounce.01	Self_motion
pb:pour.01	Mass_motion
pb:practice.01	Practice
pb:praise.01	Judgment_communication
pb:prance.01	Self_motion
pb:prattle.01	Communication_manner
pb:pray.01	Rite
pb:precede.01	Relative_time
pb:preclude.01	Thwarting
pb:predate.01	Relative_time
pb:predominate.01	Dominate_situation
pb:preen.01	Bragging
pb:presage.01	Omen
pb:present.01	Cause_to_perceive
pb:present.101	Cause_to_perceive
pb:present.102	Cause_to_perceive
pb:preserve.01	Preserving
pb:preside.01	Leadership
pb:pressure.01	Attempt_suasion
pb:pressure.02	Attempt_suasion
pb:presume.01	Awareness
pb:pretend.01	Feigning
pb:prevail.02	Beat_opponent
pb:prickle.01	Perception_body
pb:print.01	Text_creation
pb:prioritize.01	Place_weight_on
pb:prize.01	Judgment
pb:process.01	Processing_materials
pb:proclaim.01	Statement
pb:procure.01	Getting
pb:profess.01	Statement
pb:proffer.01	Offering
pb:progress.01	Progress
pb:proliferate.01	Proliferating_in_number
pb:prolong.01	Change_event_duration
pb:promenade.01	Self_motion
pb:promote.01	Cause_change_of_position_on_a_scale
pb:promote.02	Cause_change_of_position_on_a_scale
pb:prompt.01	Cause_to_start
pb:prompt.02	Cause_to_start
pb:pronounce.01	Spelling_and_pronouncing
pb:propagate.01	Birth
pb:propel.01	Cause_motion
pb:prophesy.01	Predicting
pb:propose.01	Statement
pb:proscribe.01	Prohibiting
pb:prosper.01	Thriving
pb:protect.01	Protecting
pb:protract.01	Change_event_duration
pb:provide.01	Supply
pb:provision.01	Supply
pb:provoke.01	Cause_to_start
pb:prowl.01	Self_motion
pb:pucker.01	Body_movement
pb:pucker.02	Body_movement
pb:puff.01	Ingest_substance
pb:puke.01	Excreting
pb:puke.02	Excreting
pb:pull.03	Success_or_failure
pb:pulp.01	Reshaping
pb:pulverize.01	Grinding
pb:pummel.01	Cause_harm
pb:pump.04	Cause_fluidic_motion
pb:punch.01	Cause_harm
pb:punish.01	Rewards_and_punishments
pb:punt.02	Cause_motion
pb:purchase.01	Commerce_buy
pb:purl.01	Fluidic_motion
pb:purloin.01	Theft
pb:purr.01	Motion_noise
pb:purse.01	Body_movement
pb:pursue.01	Cotheme
pb:put.01	Placing
pb:put.02	Encoding
pb:put.06	Change_event_time
pb:put.08	Dressing
pb:putter.01	Motion_noise
pb:puzzle.01	Experiencer_obj
pb:quack.01	Make_noise
pb:quaff.01	Ingestion
pb:quarrel.01	Quarreling
pb:quarter.01	Temporary_stay
pb:query.01	Questioning
pb:question.01	Questioning
pb:quibble.01	Quarreling
pb:quiet.01	Silencing
pb:quiet.02	Silencing
pb:quieten.01	Become_silent
pb:quieten.02	Become_silent
pb:quiver.01	Moving_in_place
pb:quiz.01	Questioning
pb:raft.01	Operate_vehicle
pb:raid.01	Attack
pb:ram.01	Cause_impact
pb:ramble.02	Speak_on_topic
pb:range.01	Delimitation_of_diversity
pb:rank.01	Occupy_rank
pb:rankle.01	Experiencer_obj
pb:rape.01	Rape
pb:rat.01	Reporting
pb:rate.01	Assessing
pb:ratify.01	Ratification
pb:rationalize.01	Justifying
pb:rattle.02	Make_noise
pb:rave.01	Communication_manner
pb:raze.01	Destroying
pb:react.01	Response
pb:ready.01	Activity_prepare
pb:reaffirm.01	Statement
pb:realize.01	Coming_to_believe
pb:reappraise.01	Assessing
pb:reassure.01	Experiencer_obj
pb:reawaken.01	Rejuvenation
pb:rebuff.01	Respond_to_proposal
pb:rebuke.01	Judgment_direct_address
pb:receive.01	Receiving
pb:reckon.01	Awareness
pb:recognize.01	Becoming_aware
pb:recollect.01	Memory
pb:recompense.01	Rewards_and_punishments
pb:record.01	Recording
pb:recount.01	Statement
pb:recover.01	Recovery
pb:recover.02	Recovery
pb:recover.03	Recovery
pb:recuperate.01	Recovery
pb:redefine.01	Communicate_categorization
pb:redirect.01	Redirecting
pb:reduce.01	Cause_change_of_position_on_a_scale
pb:reek.01	Chemical-sense_description
pb:refer.01	Referring_by_name
pb:refer.03	Referring_by_name
pb:reflect.02	Cogitation
pb:reform.01	Reforming_a_system
pb:refresh.01	Rejuvenation
pb:refute.01	Statement
pb:regret.01	Experiencer_focus
pb:regurgitate.01	Excreting
pb:rehabilitate.01	Cure
pb:rehearse.01	Practice
pb:reign.01	Leadership
pb:reinforce.01	Cause_change_of_strength
pb:reinstate.01	Cause_to_resume
pb:reinvigorate.01	Rejuvenation
pb:reiterate.01	Statement
pb:reject.01	Respond_to_proposal
pb:rejuvenate.01	Rejuvenation
pb:relate.01	Relating_concepts
pb:relate.02	Statement
pb:release.01	Releasing
pb:relent.01	Giving_in
pb:relinquish.01	Surrendering_possession
pb:relish.01	Emotions_of_mental_activity
pb:rely.01	Reliance
pb:remark.01	Statement
pb:remedy.01	Cure
pb:remind.01	Evoking
pb:reminisce.01	Remembering_experience
pb:remonstrate.01	Judgment_communication
pb:rename.01	Name_conferral
pb:render.02	Causation
pb:render.03	Categorization
pb:renege.01	Going_back_on_a_commitment
pb:renounce.01	Renunciation
pb:repay.01	Repayment
pb:repel.01	Experiencer_obj
pb:repent.01	Contrition
pb:replace.01	Take_place_of
pb:replicate.01	Duplication
pb:reply.01	Communication_response
pb:represent.01	Communicate_categorization
pb:reprimand.01	Judgment_direct_address
pb:reproach.01	Judgment_direct_address
pb:reprocess.01	Processing_materials
pb:reproduce.01	Duplication
pb:reprove.01	Judgment_direct_address
pb:request.01	Request
pb:research.01	Research
pb:resemble.01	Similarity
pb:resent.01	Experiencer_focus
pb:reshape.01	Cause_change
pb:reside.01	Residence
pb:resign.01	Quitting
pb:resign.03	Quitting
pb:resist.01	Repel
pb:resolve.01	Resolve_problem
pb:resolve.02	Resolve_problem
pb:resound.01	Sound_movement
pb:respect.01	Judgment
pb:respire.01	Breathing
pb:rest.01	Placing
pb:restart.01	Activity_resume
pb:restore.01	Rejuvenation
pb:restore.02	Rejuvenation
pb:restructure.01	Reforming_a_system
pb:resurrect.01	Resurrection
pb:retaliate.01	Revenge
pb:retard.01	Hindering
pb:retch.01	Excreting
pb:retire.01	Quitting
pb:retire.02	Quitting
pb:retort.01	Communication_response
pb:retreat.02	Quitting_a_place
pb:revere.01	Judgment
pb:revisit.01	Visiting
pb:revitalize.01	Rejuvenation
pb:revolt.01	Change_of_leadership
pb:revolt.02	Experiencer_obj
pb:reward.01	Rewards_and_punishments
pb:rhyme.01	Compatibility
pb:rid.01	Emptying
pb:ridicule.01	Judgment_communication
pb:rile.01	Experiencer_obj
pb:ring.04	Contacting
pb:rinse.01	Removing
pb:rip.01	Cause_to_fragment
pb:rival.01	Evaluative_comparison
pb:rive.01	Cause_to_fragment
pb:roam.01	Self_motion
pb:roar.02	Motion_noise
pb:roast.01	Apply_heat
pb:rob.01	Robbery
pb:rock.01	Moving_in_place
pb:rocket.01	Change_position_on_a_scale
pb:romp.01	Self_motion
pb:rot.01	Rotting
pb:round.03	Path_shape
pb:round.04	Path_shape
pb:rouse.01	Cause_to_wake
pb:route.01	Sending
pb:rove.01	Self_motion
pb:ruin.01	Bungling
pb:rule.03	Leadership
pb:ruminate.01	Cogitation
pb:rumor.01	Unattributed_information
pb:rust.01	Corroding
pb:rustle.02	Theft
pb:sack.01	Firing
pb:sacrifice.01	Rite
pb:sadden.01	Experiencer_obj
pb:safeguard.01	Protecting
pb:sashay.01	Self_motion
pb:satisfy.01	Experiencer_obj
pb:saturate.01	Cause_to_be_wet
pb:saunter.01	Self_motion
pb:saute.01	Apply_heat
pb:scald.01	Apply_heat
pb:scalp.01	Emptying
pb:scamper.01	Self_motion
pb:scare.01	Experiencer_obj
pb:schlep.01	Bringing
pb:school.01	Education_teaching
pb:scoff.01	Judgment_communication
pb:scold.01	Judgment_direct_address
pb:score.01	Getting
pb:scorn.01	Judgment
pb:scour.02	Scrutiny
pb:scout.01	Scrutiny
pb:scout.02	Scrutiny
pb:scowl.01	Making_faces
pb:scramble.01	Self_motion
pb:scramble.02	Self_motion
pb:scramble.03	Self_motion
pb:scrape.01	Friction
pb:scratch.02	Damaging
pb:scream.01	Communication_noise
pb:screech.03	Communication_noise
pb:screw.01	Bungling
pb:scrimp.01	Frugality
pb:scrutinize.01	Scrutiny
pb:scuffle.01	Hostile_encounter
pb:sculpt.01	Create_physical_artwork
pb:scurry.01	Self_motion
pb:scuttle.01	Self_motion
pb:scuttle.02	Self_motion
pb:seal.01	Closure
pb:seal.02	Closure
pb:search.01	Scrutiny
pb:seat.02	Capacity
pb:secrete.01	Emitting
pb:section.01	Separating
pb:secure.01	Getting
pb:seed.02	Filling
pb:seed.04	Emptying
pb:seem.01	Appearance
pb:seep.01	Fluidic_motion
pb:seesaw.01	Cause_to_move_in_place
pb:segment.01	Separating
pb:segregate.01	Separating
pb:select.01	Choosing
pb:sell.01	Commerce_sell
pb:semaphore.01	Communication_means
pb:send.01	Sending
pb:send.03	Causation
pb:sense.01	Perception_experience
pb:sentence.01	Sentencing
pb:separate.01	Forming_relationships
pb:serve.01	Assistance
pb:serve.02	Capacity
pb:serve.03	Capacity
pb:set.01	Placing
pb:set.02	Bail_decision
pb:set.05	Cause_to_start
pb:sever.01	Separating
pb:sew.01	Attaching
pb:sew.03	Attaching
pb:shack.01	Residence
pb:shake.03	Experiencer_obj
pb:shame.01	Experiencer_obj
pb:shampoo.01	Grooming
pb:shanghai.01	Kidnapping
pb:shape.01	Reshaping
pb:sharpen.01	Cause_to_be_sharp
pb:shatter.01	Cause_to_fragment
pb:sheathe.01	Placing
pb:shed.01	Undressing
pb:shed.02	Undressing
pb:shed.03	Undressing
pb:shell.03	Commerce_pay
pb:shelve.01	Placing
pb:shepherd.01	Cotheme
pb:shield.01	Protecting
pb:ship.01	Sending
pb:shirk.01	Avoiding
pb:shit.01	Excreting
pb:shiver.01	Body_movement
pb:shock.01	Experiencer_obj
pb:shoot.03	Behind_the_scenes
pb:shop.01	Shopping
pb:shop.02	Shopping
pb:shoplift.01	Theft
pb:shorten.01	Change_event_duration
pb:shoulder.01	Placing
pb:shout.01	Communication_manner
pb:shove.01	Cause_motion
pb:shriek.01	Communication_noise
pb:shrill.01	Communication_noise
pb:shrug.01	Body_movement
pb:shrug.03	Body_movement
pb:shudder.01	Body_movement
pb:shuffle.01	Self_motion
pb:shuffle.03	Self_motion
pb:shuffle.04	Body_movement
pb:shun.01	Avoiding
pb:shut.01	Body_movement
pb:shuttle.01	Bringing
pb:shuttle.02	Bringing
pb:sicken.01	Experiencer_obj
pb:side.01	Taking_sides
pb:side.02	Taking_sides
pb:sidle.01	Self_motion
pb:sift.01	Scouring
pb:sigh.02	Breathing
pb:signify.01	Sign
pb:simper.01	Communication_manner
pb:simulate.01	Feigning
pb:sin.01	Misdeed
pb:sing.01	Communication_manner
pb:sip.01	Ingestion
pb:sire.01	Birth
pb:sit.02	Change_posture
pb:situate.01	Placing
pb:skate.01	Operate_vehicle
pb:sketch.01	Create_representation
pb:sketch.02	Create_representation
pb:skim.01	Self_motion
pb:skim.02	Removing
pb:skim.03	Removing
pb:skin.01	Emptying
pb:skip.01	Forgoing
pb:skip.02	Self_motion
pb:skirmish.01	Hostile_encounter
pb:skirt.01	Path_shape
pb:skirt.02	Avoiding
pb:skulk.01	Self_motion
pb:skyrocket.01	Change_position_on_a_scale
pb:slaughter.01	Killing
pb:slay.01	Killing
pb:sledge.01	Operate_vehicle
pb:sleep.01	Sleep
pb:sleep.03	Sleep
pb:sleepwalk.01	Self_motion
pb:sleet.01	Precipitation
pb:slice.01	Cutting
pb:slide.01	Cause_motion
pb:slink.01	Self_motion
pb:slip.02	Undressing
pb:slither.01	Self_motion
pb:sliver.01	Cause_to_fragment
pb:slog.01	Self_motion
pb:slop.01	Self_motion
pb:slop.02	Self_motion
pb:slumber.01	Sleep
pb:slur.01	Communication_manner
pb:slurp.01	Ingestion
pb:smart.01	Perception_body
pb:smash.02	Impact
pb:smell.02	Appearance
pb:smile.01	Making_faces
pb:smile.02	Making_faces
pb:smirk.01	Making_faces
pb:smoke.02	Ingest_substance
pb:smoke.03	Ingest_substance
pb:smother.01	Killing
pb:smuggle.01	Smuggling
pb:snack.01	Ingestion
pb:snap.05	Cause_to_fragment
pb:sneak.01	Self_motion
pb:snicker.01	Make_noise
pb:sniff.01	Perception_active
pb:snigger.01	Make_noise
pb:snooze.01	Sleep
pb:snore.01	Make_noise
pb:snort.02	Ingest_substance
pb:snow.01	Precipitation
pb:soap.01	Grooming
pb:soar.01	Change_position_on_a_scale
pb:soar.02	Motion
pb:sob.01	Make_noise
pb:soften.01	Cause_change_of_consistency
pb:solace.01	Experiencer_obj
pb:solder.01	Attaching
pb:solve.01	Resolve_problem
pb:soothe.01	Experiencer_obj
pb:sop.02	Cause_to_be_wet
pb:sop.03	Cause_to_be_wet
pb:sort.01	Differentiation
pb:sort.02	Differentiation
pb:sound.01	Appearance
pb:sound.02	Make_noise
pb:souse.01	Cause_to_be_wet
pb:souse.02	Cause_to_be_wet
pb:sow.01	Filling
pb:spank.01	Corporal_punishment
pb:sparkle.01	Light_movement
pb:spear.01	Cause_harm
pb:spearhead.01	Leadership
pb:speculate.01	Coming_to_believe
pb:spell.01	Spelling_and_pronouncing
pb:spew.01	Fluidic_motion
pb:spill.01	Fluidic_motion
pb:spin.03	Processing_materials
pb:spin.04	Processing_materials
pb:spiral.01	Motion
pb:splinter.01	Cause_to_fragment
pb:spoil.01	Rotting
pb:spook.01	Experiencer_obj
pb:sport.01	Wearing
pb:spout.01	Fluidic_motion
pb:spout.02	Fluidic_motion
pb:sprain.01	Experience_bodily_harm
pb:spring.02	Coming_to_be
pb:spurt.01	Fluidic_motion
pb:spurt.02	Fluidic_motion
pb:sputter.01	Communication_noise
pb:squabble.01	Quarreling
pb:squander.01	Frugality
pb:squat.02	Residence
pb:squint.01	Perception_active
pb:squish.01	Reshaping
pb:squish.02	Reshaping
pb:stab.01	Cause_harm
pb:stable.01	Placing
pb:stack.02	Evaluative_comparison
pb:stagger.01	Self_motion
pb:stagger.02	Experiencer_obj
pb:stalk.01	Self_motion
pb:stalk.02	Cotheme
pb:stammer.01	Communication_manner
pb:stamp.04	Body_movement
pb:stand.04	Placing
pb:staple.01	Attaching
pb:star.01	Performers_and_roles
pb:stare.01	Perception_active
pb:startle.01	Experiencer_obj
pb:stash.01	Placing
pb:state.01	Statement
pb:steal.01	Theft
pb:steam.01	Apply_heat
pb:steep.01	Apply_heat
pb:step.03	Cause_change_of_position_on_a_scale
pb:step.05	Self_motion
pb:stew.02	Emotion_heat
pb:stigmatize.01	Judgment
pb:stimulate.01	Experiencer_obj
pb:stir.02	Experiencer_obj
pb:stockpile.01	Amassing
pb:stomp.01	Self_motion
pb:stone.01	Emptying
pb:stone.02	Cause_harm
pb:stoop.01	Change_posture
pb:stop.03	Thwarting
pb:store.01	Storing
pb:store.02	Storing
pb:stow.01	Placing
pb:straggle.01	Self_motion
pb:strain.01	Experience_bodily_harm
pb:strain.04	Experience_bodily_harm
pb:strap.02	Attaching
pb:strengthen.01	Cause_change_of_strength
pb:stress.01	Convey_importance
pb:stress.02	Place_weight_on
pb:stride.01	Self_motion
pb:stroke.01	Manipulation
pb:stroll.01	Self_motion
pb:struggle.01	Hostile_encounter
pb:strut.01	Self_motion
pb:stub.01	Experience_bodily_harm
pb:stud.01	Adorning
pb:stupefy.01	Experiencer_obj
pb:stutter.01	Communication_manner
pb:stymie.01	Thwarting
pb:submit.01	Submitting_documents
pb:substantiate.01	Evidence
pb:subtract.01	Non-commutative_process
pb:subvert.01	Subversion
pb:succeed.02	Take_place_of
pb:succeed.03	Take_place_of
pb:succor.01	Assistance
pb:suck.01	Desirability
pb:suffer.01	Catastrophe
pb:suffice.01	Sufficiency
pb:suffuse.01	Filling
pb:suit.01	Suitability
pb:suit.03	Suitability
pb:summarize.01	Summarizing
pb:summon.01	Request
pb:summon.02	Request
pb:sunburn.01	Experience_bodily_harm
pb:sup.01	Ingestion
pb:supply.01	Supply
pb:support.01	Taking_sides
pb:suppose.01	Opinion
pb:suppose.02	Opinion
pb:surface.02	Filling
pb:surmise.01	Coming_to_believe
pb:surpass.01	Surpassing
pb:surprise.01	Experiencer_obj
pb:surrender.01	Surrendering
pb:survey.01	Scrutiny
pb:survive.01	Surviving
pb:suspend.01	Activity_pause
pb:swagger.01	Self_motion
pb:swap.01	Exchange
pb:swear.01	Commitment
pb:sweat.01	Excreting
pb:sweat.02	Excreting
pb:swell.01	Cause_expansion
pb:swig.01	Ingestion
pb:swill.01	Ingestion
pb:swim.01	Self_motion
pb:swirl.01	Cause_to_move_in_place
pb:swish.01	Motion_noise
pb:swish.02	Motion_noise
pb:switch.01	Replacing
pb:symbolize.01	Representing
pb:sympathize.01	Emotion_directed
pb:tack.01	Attaching
pb:tack.02	Operate_vehicle
pb:tack.04	Attaching
pb:tail.01	Cotheme
pb:take.05	Removing
pb:take.10	Taking_time
pb:take.12	Change_of_leadership
pb:take.24	Inchoative_attaching
pb:talk.01	Chatting
pb:tally.01	Adding_up
pb:tangle.01	Rope_manipulation
pb:tangle.02	Rope_manipulation
pb:tap.01	Appointing
pb:tap.02	Appointing
pb:tape.01	Attaching
pb:tape.03	Attaching
pb:target.01	Aiming
pb:tarnish.01	Corroding_caused
pb:taste.02	Appearance
pb:teach.01	Education_teaching
pb:tear.04	Cause_to_fragment
pb:tell.01	Telling
pb:tempt.01	Attempt_suasion
pb:tend.02	Likelihood
pb:terminate.02	Firing
pb:terrify.01	Experiencer_obj
pb:terrorize.01	Cause_to_experience
pb:test.01	Operational_testing
pb:testify.01	Evidence
pb:tether.01	Attaching
pb:thank.01	Judgment_direct_address
pb:thieve.01	Theft
pb:thin.01	Cause_change_of_consistency
pb:think.01	Cogitation
pb:thirst.01	Desiring
pb:threaten.01	Commitment
pb:thrill.01	Experiencer_obj
pb:thrill.02	Experiencer_obj
pb:thrive.01	Thriving
pb:throw.01	Body_movement
pb:throw.05	Excreting
pb:thrust.01	Cause_motion
pb:thwack.01	Cause_harm
pb:thwart.01	Thwarting
pb:ticket.01	Fining
pb:ticket.02	Fining
pb:tie.03	Finish_competition
pb:tile.01	Filling
pb:tingle.01	Perception_body
pb:tiptoe.01	Self_motion
pb:toast.01	Apply_heat
pb:toboggan.01	Operate_vehicle
pb:toddle.01	Self_motion
pb:tolerate.01	Tolerating
pb:toll.01	Make_noise
pb:toll.02	Make_noise
pb:topple.01	Motion_directional
pb:torch.01	Setting_fire
pb:torture.01	Cause_harm
pb:total.02	Render_nonfunctional
pb:tote.01	Bringing
pb:totter.01	Self_motion
pb:totter.02	Self_motion
pb:tour.01	Travel
pb:tout.01	Judgment_communication
pb:track.01	Cotheme
pb:track.03	Cotheme
pb:trade.01	Exchange
pb:trail.01	Cotheme
pb:trail.02	Cotheme
pb:train.01	Education_teaching
pb:traipse.01	Self_motion
pb:trammel.01	Hindering
pb:tramp.01	Self_motion
pb:transfix.01	Cause_harm
pb:transform.01	Cause_change
pb:transpire.01	Event
pb:transport.01	Bringing
pb:traumatize.01	Experiencer_obj
pb:travel.01	Travel
pb:tread.01	Self_motion
pb:treat.01	Communicate_categorization
pb:treat.02	Giving
pb:treat.03	Cure
pb:treat.04	Processing_materials
pb:treat.05	Topic
pb:trek.01	Self_motion
pb:trick.01	Manipulate_into_doing
pb:trickle.01	Fluidic_motion
pb:trill.01	Communication_noise
pb:triple.01	Change_position_on_a_scale
pb:trot.01	Self_motion
pb:trouble.01	Experiencer_obj
pb:truck.01	Bringing
pb:trudge.01	Self_motion
pb:trumpet.01	Communication_noise
pb:truss.01	Attaching
pb:trust.02	Certainty
pb:try.01	Attempt
pb:try.04	Attempt
pb:tuck.01	Placing
pb:tug.02	Manipulation
pb:turn.02	Becoming
pb:turn.05	Respond_to_proposal
pb:turn.07	Change_operational_state
pb:turn.13	Change_operational_state
pb:turn.14	Contingency
pb:tutor.01	Education_teaching
pb:tweet.01	Make_noise
pb:tweet.02	Make_noise
pb:twiddle.01	Body_movement
pb:twitch.01	Body_movement
pb:type.01	Text_creation
pb:type.02	Text_creation
pb:ululate.01	Make_noise
pb:unbuckle.01	Closure
pb:unchain.01	Detaching
pb:undercut.01	Subversion
pb:undergo.01	Undergoing
pb:underline.01	Convey_importance
pb:undermine.01	Subversion
pb:underscore.01	Convey_importance
pb:undress.01	Undressing
pb:unhinge.01	Becoming_detached
pb:unhinge.02	Becoming_detached
pb:unhitch.01	Detaching
pb:unhook.01	Detaching
pb:unload.01	Removing
pb:unload.02	Emptying
pb:unnerve.01	Experiencer_obj
pb:unscrew.01	Closure
pb:unsettle.01	Experiencer_obj
pb:unzip.01	Closure
pb:upbraid.01	Judgment_direct_address
pb:upset.01	Experiencer_obj
pb:urinate.01	Excreting
pb:use.01	Using
pb:usher.02	Cotheme
pb:utter.01	Text_creation
pb:vacate.01	Quitting_a_place
pb:vacillate.01	Waver_between_options
pb:vanish.01	Departing
pb:vaporize.01	Change_of_phase
pb:varnish.01	Filling
pb:vaticinate.01	Predicting
pb:vault.01	Self_motion
pb:vaunt.01	Bragging
pb:veil.01	Eclipse
pb:vend.01	Commerce_sell
pb:verify.01	Evidence
pb:vest.01	Change_of_leadership
pb:vex.01	Experiencer_obj
pb:view.01	Perception_active
pb:view.02	Categorization
pb:violate.01	Compliance
pb:volunteer.01	Commitment
pb:vomit.01	Excreting
pb:vomit.02	Excreting
pb:vow.01	Commitment
pb:voyage.01	Travel
pb:waddle.01	Self_motion
pb:wade.01	Self_motion
pb:waffle.01	Waver_between_options
pb:wag.01	Body_movement
pb:waggle.01	Body_movement
pb:wake.01	Waking_up
pb:wake.02	Waking_up
pb:walk.01	Self_motion
pb:wallpaper.01	Filling
pb:waltz.01	Self_motion
pb:wander.01	Self_motion
pb:want.01	Desiring
pb:war.01	Hostile_encounter
pb:warble.01	Communication_noise
pb:warp.01	Reshaping
pb:warrant.01	Deserving
pb:wash.01	Grooming
pb:waste.01	Frugality
pb:watch.01	Perception_active
pb:waver.01	Waver_between_options
pb:wax.01	Grooming
pb:weaken.01	Cause_change_of_strength
pb:weaponize.01	Processing_materials
pb:wear.01	Wearing
pb:wear.06	Wearing
pb:weather.01	Surviving
pb:weave.02	Path_shape
pb:wed.01	Forming_relationships
pb:weigh.01	Dimension
pb:wet.01	Cause_to_be_wet
pb:wheedle.01	Attempt_suasion
pb:wheel.01	Bringing
pb:wheeze.01	Communication_noise
pb:wheeze.02	Motion_noise
pb:whelp.01	Birth
pb:whinny.01	Make_noise
pb:whip.01	Cause_harm
pb:whir.01	Motion_noise
pb:whistle.01	Make_noise
pb:widen.01	Cause_expansion
pb:widow.01	Personal_relationship
pb:wiggle.01	Body_movement
pb:wiggle.02	Body_movement
pb:will.01	Giving
pb:will.02	Desiring
pb:win.01	Finish_competition
pb:wink.01	Body_movement
pb:wire.01	Communication_means
pb:wire.02	Attaching
pb:wish.01	Desiring
pb:witness.01	Perception_experience
pb:wonder.01	Cogitation
pb:woo.01	Forming_relationships
pb:word.01	Encoding
pb:worry.01	Emotion_active
pb:worry.02	Emotion_active
pb:wow.01	Experiencer_obj
pb:wrangle.01	Quarreling
pb:wrap.03	Filling
pb:wreak.01	Causation
pb:wreathe.01	Adorning
pb:wriggle.01	Body_movement
pb:wriggle.02	Self_motion
pb:wrinkle.01	Body_movement
pb:write.01	Text_creation
pb:writhe.01	Body_movement
pb:yak.01	Chatting
pb:yak.02	Chatting
pb:yammer.01	Make_noise
pb:yammer.02	Make_noise
pb:yammer.03	Make_noise
pb:yap.01	Make_noise
pb:yawn.01	Body_movement
pb:yearn.01	Desiring
pb:yell.01	Communication_noise
pb:yodel.01	Make_noise
pb:yoke.01	Attaching
pb:yowl.01	Make_noise
pb:zip.02	Closure
