nb:abduction.01	0	Perpetrator
nb:abduction.01	1	Victim
nb:accolade.01	1	Cognizer
nb:accusation.01	0	Communicator
nb:accusation.01	1	Reason
nb:accusation.01	2	Reason
nb:acquittal.01	0	Judge
nb:acquittal.01	1	Defendant
nb:act.03	1	Act
nb:action.01	0	Agent
nb:addict.01	2	Addictant
nb:addiction.01	0	Addict
nb:addiction.01	1	Addictant
nb:adjustment.01	0	Agent
nb:aim.01	0	Agent
nb:allegation.01	0	Speaker
nb:allegation.01	1	Message
nb:allergy.01	0	Protagonist
nb:allergy.01	1	Trigger
nb:analysis.01	0	Cognizer
nb:analysis.01	1	Ground
nb:analyst.01	0	Cognizer
nb:analyst.01	1	Ground
nb:announcement.01	0	Speaker
nb:announcement.01	1	Message
nb:answer.01	0	Speaker
nb:answer.01	3	Speaker
nb:antic.01	1	Addressee
nb:appeal.01	2	Court
nb:arrest.01	0	Authorities
nb:arrest.01	1	Suspect
nb:arrival.01	1	Theme
nb:arrival.01	3	Source
nb:ascent.01	1	Path
nb:assassination.01	1	Victim
nb:assessment.01	0	Assessor
nb:assessment.01	1	Feature
nb:assistance.01	0	Helper
nb:assurance.01	0	Speaker
nb:assurance.01	1	Addressee
nb:assurance.01	2	Message
nb:attack.01	0	Assailant
nb:attack.01	1	Victim
nb:attempt.01	0	Agent
nb:attempt.01	1	Goal
nb:attendance.01	0	Agent
nb:aunt.01	0	Ego
nb:aunt.01	1	Ego
nb:autobiography.01	0	Topic
nb:autobiography.01	1	Topic
nb:autumn.01	1	Whole
nb:avoidance.01	0	Agent
nb:avoidance.01	1	Undesirable_situation
nb:bail.01	0	Accused
nb:batting.01	1	Body_part
nb:battle.01	1	Side_2
nb:beheading.01	1	Victim
nb:bequest.01	0	Donor
nb:bequest.01	1	Theme
nb:biography.01	0	Author
nb:biography.01	1	Topic
nb:birth.01	1	Child
nb:blame.01	1	Reason
nb:blame.01	2	Evaluee
nb:boatload.01	1	Stuff
nb:busload.01	1	Stuff
nb:cause.01	1	Effect
nb:celebration.02	1	Occasion
nb:chairman.01	0	Leader
nb:chairman.01	2	Governed
nb:characterization.01	1	Item
nb:chase.01	0	Theme
nb:chase.01	1	Cotheme
nb:chaser.01	0	Theme
nb:chaser.01	1	Cotheme
nb:citizen.01	1	Ethnicity
nb:claim.01	0	Speaker
nb:claim.01	1	Message
nb:claim.02	0	Claimant
nb:claim.02	1	Property
nb:classification.01	1	Item
nb:cluster.01	1	Individuals
nb:commandant.01	1	Governed
nb:commander.01	0	Leader
nb:commander.01	1	Governed
nb:commencement.01	1	Event
nb:comment.01	0	Speaker
nb:competitor.01	0	Participants
nb:compliance.01	0	Protagonist
nb:compliance.01	1	Norm
nb:conception.01	0	Cognizer
nb:conduct.01	0	Agent
nb:conduct.02	0	Theme
nb:conduct.02	1	Cotheme
nb:congressman.01	0	Leader
nb:conspiracy.01	0	Partners
nb:conspiracy.01	1	Undertaking
nb:construction.01	0	Created_entity
nb:construction.01	1	Created_entity
nb:contempt.01	0	Cognizer
nb:contention.01	0	Speaker
nb:contention.01	1	Message
nb:contraction.01	1	Item
nb:cooperation.01	0	Partners
nb:copy.01	2	Copy
nb:cost.01	1	Goods
nb:cost.01	2	Asset
nb:cousin.01	0	Alter
nb:cousin.01	1	Ego
nb:cousin.02	0	Ego
nb:crash.01	0	Impactor
nb:craving.01	0	Experiencer
nb:craving.01	1	Focal_participant
nb:critic.01	1	Evaluee
nb:criticism.01	0	Communicator
nb:criticism.01	2	Reason
nb:cure.01	1	Affliction
nb:dance.01	0	Self_mover
nb:dance.01	2	Self_mover
nb:dancer.01	0	Self_mover
nb:dancer.01	2	Self_mover
nb:dancing.01	0	Self_mover
nb:dancing.01	2	Self_mover
nb:daughter.01	0	Alter
nb:daughter.01	1	Ego
nb:death.01	1	Protagonist
nb:debate.01	0	Interlocutors
nb:debate.01	1	Topic
nb:declaration.01	0	Speaker
nb:declaration.01	1	Message
nb:decrease.01	1	Attribute
nb:defection.01	0	Self_mover
nb:defection.01	1	Self_mover
nb:defection.01	2	Intended_goal
nb:definition.01	0	Speaker
nb:definition.01	1	Item
nb:delinquent.01	1	Descriptor
nb:demand.01	0	Speaker
nb:demand.01	1	Message
nb:demise.01	1	Protagonist
nb:departure.01	0	Theme
nb:departure.01	1	Goal
nb:depiction.01	1	Item
nb:derision.01	0	Communicator
nb:desire.01	0	Experiencer
nb:dictator.01	0	Leader
nb:dictator.01	1	Governed
nb:disagreement.01	0	Arguers
nb:disagreement.01	1	Issue
nb:disappearance.01	0	Theme
nb:disappearance.01	1	Theme
nb:disapproval.01	0	Cognizer
nb:disclosure.01	0	Speaker
nb:discontinuation.01	1	Process
nb:discovery.01	0	Cognizer
nb:discovery.01	1	Phenomenon
nb:discussion.01	0	Interlocutors
nb:discussion.01	1	Topic
nb:discussion.01	2	Interlocutor_2
nb:dislike.01	0	Experiencer
nb:dislike.01	1	Content
nb:dismay.01	0	Experiencer
nb:dismissal.01	1	Employee
nb:dispute.01	0	Arguers
nb:dispute.01	1	Issue
nb:dispute.01	2	Issue
nb:donation.01	0	Donor
nb:doubt.01	0	Cognizer
nb:dweller.01	0	Resident
nb:dweller.01	1	Location
nb:dwelling.01	0	Resident
nb:dwelling.01	1	Location
nb:echo.01	0	Sound
nb:editorial.01	0	Author
nb:effort.01	0	Agent
nb:effort.01	1	Goal
nb:elimination.01	1	Theme
nb:embezzlement.01	1	Goods
nb:emigration.01	0	Source
nb:emigration.01	1	Self_mover
nb:emphasis.01	0	Agent
nb:emphasis.01	1	Consideration
nb:enlightenment.01	0	Protagonist
nb:enlightenment.01	1	Protagonist
nb:entrance.01	0	Theme
nb:entry.01	0	Theme
nb:entry.01	1	Goal
nb:escape.01	0	Theme
nb:escort.01	1	Cotheme
nb:estimation.01	0	Cognizer
nb:estimation.01	1	Feature
nb:evolution.01	3	Components
nb:excursion.01	0	Traveler
nb:execution.01	0	Executed
nb:execution.01	1	Executed
nb:expert.01	0	Protagonist
nb:expert.01	1	Knowledge
nb:expertise.01	0	Protagonist
nb:extradition.01	0	Suspect
nb:extradition.01	2	Crime_jurisdiction
nb:fate.01	1	Protagonist
nb:feeding.01	0	Ingestor
nb:feeding.01	1	Ingestibles
nb:feeling.03	0	Cognizer_agent
nb:fluctuation.01	1	Attribute
nb:food.01	0	Ingestor
nb:food.01	1	Ingestibles
nb:frugality.01	0	Resource_controller
nb:gadget.01	1	Use
nb:gesture.01	1	Addressee
nb:gift.01	0	Donor
nb:gift.01	2	Recipient
nb:glance.01	0	Perceiver_agentive
nb:glance.01	1	Phenomenon
nb:gossip.01	0	Interlocutors
nb:gossip.01	1	Topic
nb:governor.01	0	Role
nb:governor.01	2	Governed
nb:grandfather.01	0	Alter
nb:grandfather.01	1	Ego
nb:grandmother.01	0	Ego
nb:grandmother.01	1	Ego
nb:grandson.01	1	Ego
nb:grasp.01	0	Cognizer
nb:grasp.01	1	Phenomenon
nb:grip.01	0	Agent
nb:grip.01	1	Entity
nb:guess.01	0	Cognizer
nb:hideaway.01	0	Obstruction
nb:hideaway.01	1	Eclipsed
nb:hideout.01	0	Obstruction
nb:hideout.01	1	Eclipsed
nb:hider.01	0	Obstruction
nb:hider.01	1	Eclipsed
nb:homeland.01	0	Current_country
nb:hundreds.01	1	Individuals
nb:hunt.01	0	Cognizer_agent
nb:hunt.01	1	Sought_entity
nb:hunter.01	0	Cognizer_agent
nb:hunter.01	1	Sought_entity
nb:hunting.01	0	Cognizer_agent
nb:hunting.01	1	Sought_entity
nb:husband.01	0	Partner_1
nb:husband.01	1	Partner_2
nb:implant.01	1	Theme
nb:implant.01	2	Goal
nb:implantation.01	1	Theme
nb:implantation.01	2	Goal
nb:improbability.01	1	Hypothetical_event
nb:increase.01	3	Initial_value
nb:indication.01	0	Indicator
nb:indication.01	1	Indicated
nb:inference.01	0	Cognizer
nb:ingestion.01	0	Ingestor
nb:ingestion.01	1	Ingestibles
nb:inquiry.01	0	Speaker
nb:inquiry.01	1	Topic
nb:inspection.01	0	Inspector
nb:inspection.01	1	Ground
nb:insult.01	0	Agent
nb:insult.01	1	Experiencer
nb:interpretation.01	0	Cognizer
nb:interpretation.01	1	Item
nb:interrogation.01	0	Addressee
nb:inventor.01	0	Cognizer
nb:inventor.01	1	New_idea
nb:journey.01	0	Traveler
nb:journey.01	2	Goal
nb:justification.01	0	Agent
nb:kidnapping.01	0	Victim
nb:kidnapping.01	1	Victim
nb:killer.01	1	Victim
nb:kind.01	1	Category
nb:lawyer.01	0	Person
nb:lawyer.01	1	Type
nb:lawyer.01	2	Employer
nb:lawyer.01	3	Rank
nb:lecture.01	0	Speaker
nb:longing.01	0	Experiencer
nb:look.01	0	Perceiver_agentive
nb:look.01	1	Direction
nb:manufacture.01	1	Product
nb:manufacturer.01	0	Manufacturer
nb:manufacturer.01	1	Product
nb:manufacturing.01	1	Product
nb:mayor.01	0	Leader
nb:meaning.01	1	Form
nb:mention.01	1	Message
nb:misrepresentation.01	1	Topic
nb:mockery.01	0	Cognizer
nb:mockery.01	1	Cognizer
nb:modicum.01	1	Mass
nb:murder.01	0	Victim
nb:murder.01	1	Victim
nb:murderer.01	0	Victim
nb:murderer.01	1	Victim
nb:namesake.01	1	Entity
nb:nephew.01	0	Ego
nb:nutrition.01	0	Ingestor
nb:nutrition.01	1	Ingestibles
nb:observance.01	1	Norm
nb:occupant.01	0	Location
nb:occupant.01	1	Location
nb:order.02	0	Speaker
nb:outset.01	1	Time_period
nb:overhead.01	1	Goods
nb:owner.01	0	Owner
nb:owner.01	1	Possession
nb:pang.01	0	Cognizer_agent
nb:participant.01	0	Participants
nb:participant.01	1	Event
nb:participation.01	1	Event
nb:passel.01	1	Individuals
nb:payment.01	1	Money
nb:payment.01	2	Seller
nb:peek.01	0	Perceiver_agentive
nb:peek.01	1	Phenomenon
nb:penchant.01	0	Entity
nb:penchant.01	1	Behavior
nb:perception.01	1	Phenomenon
nb:persistence.01	1	Event
nb:petition.01	0	Speaker
nb:petition.01	1	Message
nb:placement.01	1	Theme
nb:placement.01	2	Goal
nb:placing.01	1	Theme
nb:placing.01	2	Goal
nb:pledge.01	0	Speaker
nb:pledge.01	1	Message
nb:plethora.01	1	Individuals
nb:position.01	1	Theme
nb:position.01	2	Goal
nb:positioning.01	1	Theme
nb:positioning.01	2	Goal
nb:praise.01	0	Communicator
nb:presumption.01	0	Cognizer
nb:presumption.01	1	Content
nb:probe.01	0	Investigator
nb:probe.01	1	Incident
nb:proliferation.01	0	Set
nb:proliferation.01	1	Set
nb:prowess.01	0	Protagonist
nb:pummeling.01	1	Victim
nb:pursuer.01	0	Cotheme
nb:pursuer.01	1	Cotheme
nb:pursuit.01	0	Theme
nb:pursuit.01	1	Cotheme
nb:quarry.01	0	Cognizer_agent
nb:quarry.01	1	Sought_entity
nb:query.01	0	Speaker
nb:query.01	1	Topic
nb:question.01	0	Speaker
nb:question.01	1	Topic
nb:rape.01	1	Victim
nb:rebellion.01	0	Selector
nb:recovery.01	1	Patient
nb:recovery.01	2	Affliction
nb:recuperation.01	0	Patient
nb:recuperation.01	1	Patient
nb:redefinition.01	0	Speaker
nb:redefinition.01	1	Item
nb:reflection.02	0	Cognizer
nb:refusal.01	0	Speaker
nb:refusal.01	1	Proposed_action
nb:regret.01	0	Experiencer
nb:regulation.01	2	Law
nb:rehabilitation.01	1	Patient
nb:reliance.01	0	Protagonist
nb:reliance.01	1	Means
nb:remark.01	0	Speaker
nb:removal.01	1	Theme
nb:removal.01	2	Source
nb:renunciation.01	0	Speaker
nb:renunciation.01	1	Content
nb:reply.01	0	Speaker
nb:reply.01	2	Trigger
nb:report.01	0	Speaker
nb:report.01	2	Addressee
nb:request.01	0	Speaker
nb:request.01	1	Message
nb:research.01	0	Researcher
nb:resemblance.01	0	Entity_1
nb:resemblance.01	1	Entity_1
nb:resemblance.01	2	Entity_2
nb:resentment.01	0	Experiencer
nb:resentment.01	1	Content
nb:residence.01	0	Resident
nb:residence.01	1	Location
nb:resident.01	0	Resident
nb:resident.01	1	Location
nb:resignation.01	0	Employee
nb:response.01	0	Speaker
nb:response.01	1	Trigger
nb:resurrection.01	1	Protagonist
nb:retaliation.01	0	Avenger
nb:retaliation.01	1	Injury
nb:reticence.01	0	Speaker
nb:retirement.01	0	Employee
nb:retirement.01	1	Employee
nb:return.01	1	Theme
nb:return.01	4	Goal
nb:revelation.01	0	Speaker
nb:revenge.01	0	Avenger
nb:ridicule.01	0	Communicator
nb:rise.01	3	Initial_value
nb:rise.01	4	Final_value
nb:robber.01	0	Perpetrator
nb:robber.01	1	Source
nb:roomful.01	1	Stuff
nb:sacrifice.01	0	Object
nb:saga.01	1	Topic
nb:scientist.01	0	Person
nb:scientist.01	1	Type
nb:scientist.01	2	Place_of_employment
nb:scientist.01	3	Rank
nb:scramble.01	1	Path
nb:screenplay.01	0	Author
nb:screenplay.01	1	Topic
nb:scrutiny.01	0	Cognizer
nb:scrutiny.01	1	Ground
nb:search.01	0	Cognizer
nb:seat.03	1	Theme
nb:seat.03	2	Goal
nb:secret.01	0	Obstruction
nb:secret.01	1	Eclipsed
nb:sentence.01	0	Court
nb:sentence.01	2	Type
nb:shard.01	1	Substance
nb:sibling.01	0	Alter
nb:sibling.01	1	Ego
nb:sigh.01	0	Agent
nb:slaughter.01	1	Victim
nb:slaying.01	0	Victim
nb:slaying.01	1	Victim
nb:slew.01	1	Individuals
nb:slot.01	1	Theme
nb:slot.01	2	Goal
nb:snippet.01	1	Substance
nb:soundtrack.01	1	Production
nb:spouse.01	0	Partner_1
nb:spouse.01	1	Partner_2
nb:statement.01	0	Speaker
nb:stepmother.01	1	Ego
nb:struggle.01	2	Side_2
nb:study.01	0	Cognizer
nb:study.01	1	Ground
nb:sultan.01	1	Governed
nb:supporter.01	1	Side
nb:survey.01	0	Cognizer
nb:survey.01	1	Ground
nb:survey.01	2	Ground
nb:sympathy.01	0	Experiencer
nb:sympathy.01	1	Stimulus
nb:teacher.01	0	Teacher
nb:teacher.01	1	Subject
nb:theft.01	1	Goods
nb:thief.01	1	Goods
nb:thousands.01	1	Individuals
nb:thriller.01	0	Author
nb:tour.01	0	Traveler
nb:tour.01	2	Goal
nb:transfer.01	1	Theme
nb:transfer.01	2	Recipient
nb:transfer.01	3	Donor
nb:treatment.02	2	Affliction
nb:trip.01	0	Traveler
nb:trip.01	2	Co_participant
nb:try.01	0	Agent
nb:underside.01	0	Whole
nb:underside.01	1	Whole
nb:understanding.01	0	Cognizer
nb:undertaking.01	0	Speaker
nb:undertaking.01	1	Message
nb:variation.01	1	Attribute
nb:vengeance.02	0	Avenger
nb:vial.01	1	Contents
nb:violation.01	0	Protagonist
nb:violation.01	1	Norm
nb:virtuosity.01	0	Protagonist
nb:virtuosity.01	1	Protagonist
nb:vow.01	0	Speaker
nb:vow.01	1	Message
nb:walk.01	0	Self_mover
nb:walk.01	1	Area
nb:weariness.01	0	Experiencer
nb:wedding.01	0	Partners
nb:widow.01	0	Partner_1
nb:widow.01	1	Partner_2
nb:wife.01	0	Partner_1
nb:wife.01	1	Partner_2
nb:win.01	0	Competitor
pb:abduct.01	0	Perpetrator
pb:abduct.01	1	Victim
pb:abduct.01	2	Source
pb:abet.01	0	Helper
pb:abhor.01	0	Experiencer
pb:abhor.01	1	Content
pb:abominate.01	0	Experiencer
pb:abominate.01	1	Content
pb:abound.01	1	Collection
pb:absorb.01	0	Item
pb:absorb.01	1	Substance
pb:abstain.01	0	Forgoer
pb:abstain.01	1	Desirable
pb:abstain.01	2	Desirable
pb:abuse.01	0	Abuser
pb:abuse.01	1	Victim
pb:abut.01	0	Figure
pb:abut.01	1	Ground
pb:accede.01	0	Signatory
pb:accede.01	1	Agreement
pb:accede.01	2	Agreement
pb:acclaim.01	0	Communicator
pb:acclaim.01	1	Evaluee
pb:accompany.01	0	Theme
pb:accompany.01	1	Cotheme
pb:accompany.01	2	Goal
pb:accompany.01	4	Goal
pb:accomplish.01	0	Agent
pb:accomplish.01	1	Goal
pb:accumulate.01	0	Recipient
pb:accumulate.01	1	Mass_theme
pb:accumulate.01	2	Source
pb:ache.01	0	Body_part
pb:ache.01	1	Body_part
pb:ache.01	2	Reason
pb:achieve.01	0	Agent
pb:achieve.01	1	Goal
pb:acknowledge.01	0	Speaker
pb:acknowledge.01	1	Message
pb:acquire.01	0	Recipient
pb:acquire.01	1	Theme
pb:acquire.01	2	Source
pb:acquit.01	0	Judge
pb:acquit.01	1	Defendant
pb:acquit.01	2	Charges
pb:act.01	0	Performer
pb:act.01	1	Role
pb:activate.01	0	Cause
pb:activate.01	1	Device
pb:add.01	0	Speaker
pb:add.01	1	Message
pb:address.02	0	Text
pb:address.02	1	Topic
pb:adhere.02	0	Protagonist
pb:adhere.02	1	Norm
pb:adjoin.01	0	Figure
pb:adjoin.01	1	Ground
pb:adjust.01	0	Agent
pb:adjust.01	1	Feature
pb:admit.01	0	Speaker
pb:admit.01	1	Information
pb:admonish.01	0	Speaker
pb:admonish.01	1	Addressee
pb:admonish.01	2	Content
pb:adopt.01	0	Agent
pb:adopt.01	1	Value
pb:adopt.01	2	Attribute
pb:adore.01	0	Experiencer
pb:adore.01	1	Content
pb:adore.01	2	Reason
pb:advise.01	0	Speaker
pb:advise.01	1	Addressee
pb:advocate.01	0	Speaker
pb:advocate.01	1	Content
pb:affirm.01	0	Speaker
pb:affirm.01	1	Message
pb:affix.01	0	Agent
pb:affix.01	1	Item
pb:affix.01	2	Goal
pb:affront.01	0	Event
pb:affront.01	1	Experiencer
pb:affront.01	2	Event
pb:age.01	0	Entity
pb:age.01	1	Entity
pb:aggravate.01	0	Stimulus
pb:aggravate.01	1	Experiencer
pb:aggrieve.01	0	Stimulus
pb:aggrieve.01	1	Experiencer
pb:agree.01	0	Item_1
pb:agree.01	1	Item_2
pb:agree.01	2	Item_2
pb:aid.01	0	Helper
pb:aid.01	2	Benefited_party
pb:ail.01	0	Experiencer
pb:ail.01	1	Experiencer
pb:aim.02	0	Agent
pb:aim.02	1	Instrument
pb:aim.02	2	Targeted
pb:alarm.01	0	Stimulus
pb:alarm.01	1	Experiencer
pb:allege.01	0	Speaker
pb:allege.01	1	Message
pb:allege.01	C-1	Message
pb:alleviate.01	0	Treatment
pb:alleviate.01	1	Affliction
pb:alter.01	0	Agent
pb:alter.01	1	Entity
pb:amaze.01	0	Stimulus
pb:amaze.01	1	Experiencer
pb:amble.01	0	Self_mover
pb:ambush.01	0	Assailant
pb:ambush.01	1	Victim
pb:amount.01	1	Attribute
pb:amount.01	2	Value
pb:anchor.01	0	Agent
pb:anchor.01	1	Item
pb:anchor.01	2	Goal
pb:anchor.01	4	Goal
pb:anger.01	0	Stimulus
pb:anger.01	1	Experiencer
pb:announce.01	0	Speaker
pb:announce.01	1	Message
pb:announce.01	2	Addressee
pb:annoy.01	0	Stimulus
pb:annoy.01	1	Experiencer
pb:annoy.01	2	Stimulus
pb:answer.01	0	Speaker
pb:answer.01	1	Trigger
pb:antagonize.01	0	Stimulus
pb:antagonize.01	1	Experiencer
pb:anticipate.01	0	Cognizer
pb:anticipate.01	1	Phenomenon
pb:appear.02	0	Phenomenon
pb:appear.02	1	Phenomenon
pb:applaud.01	0	Cognizer
pb:applaud.01	2	Reason
pb:apply.02	0	Agent
pb:apply.02	1	Instrument
pb:appraise.01	0	Assessor
pb:appraise.01	1	Phenomenon
pb:appraise.02	0	Assessor
pb:appraise.02	1	Phenomenon
pb:apprehend.01	0	Authorities
pb:apprehend.01	1	Suspect
pb:apprise.01	0	Speaker
pb:apprise.01	1	Addressee
pb:approach.01	0	Theme
pb:approach.01	1	Theme
pb:approach.01	2	Goal
pb:approve.01	0	Grantor
pb:approve.01	1	Action
pb:arch.01	0	Agent
pb:arch.01	1	Body_part
pb:arise.01	0	Entity
pb:arise.01	1	Entity
pb:arise.01	2	Cause
pb:arraign.01	1	Defendant
pb:arraign.01	2	Charges
pb:array.01	0	Agent
pb:array.01	1	Theme
pb:arrest.01	0	Authorities
pb:arrest.01	1	Suspect
pb:arrive.01	0	Mode_of_transportation
pb:arrive.01	1	Theme
pb:arrive.01	3	Source
pb:arrive.01	4	Goal
pb:articulate.01	0	Communicator
pb:articulate.01	1	Content
pb:ascend.01	0	Road
pb:ascertain.01	0	Cognizer
pb:ascertain.01	1	Content
pb:ascertain.01	2	Evidence
pb:ask.01	0	Speaker
pb:ask.01	2	Addressee
pb:ask.02	0	Speaker
pb:ask.02	1	Message
pb:ask.02	2	Addressee
pb:aspire.01	0	Experiencer
pb:aspire.01	1	Event
pb:assail.01	0	Assailant
pb:assail.01	1	Victim
pb:assassinate.01	0	Killer
pb:assassinate.01	1	Victim
pb:assault.01	0	Assailant
pb:assault.01	1	Victim
pb:assemble.02	0	Agent
pb:assemble.02	1	Individuals
pb:assert.02	0	Speaker
pb:assert.03	0	Speaker
pb:assert.03	1	Message
pb:assess.01	0	Assessor
pb:assess.01	1	Phenomenon
pb:assist.01	0	Helper
pb:assist.01	1	Benefited_party
pb:assume.02	0	Agent
pb:assume.02	1	Value
pb:assure.01	0	Speaker
pb:assure.01	1	Addressee
pb:assure.01	2	Message
pb:astonish.01	0	Stimulus
pb:astonish.01	1	Experiencer
pb:astound.01	0	Stimulus
pb:astound.01	1	Experiencer
pb:atone.01	0	Agent
pb:atone.01	1	Wrong
pb:atone.01	2	Wrong
pb:attack.01	0	Assailant
pb:attack.01	1	Victim
pb:attempt.01	0	Agent
pb:attempt.01	1	Goal
pb:augur.01	0	Phenomenon_1
pb:augur.01	1	Phenomenon_2
pb:author.01	0	Author
pb:author.01	1	Text
pb:authorize.01	0	Grantor
pb:authorize.01	1	Action
pb:avenge.01	0	Avenger
pb:aver.01	0	Speaker
pb:avert.01	1	Event
pb:await.01	0	Cognizer
pb:await.01	1	Cognizer
pb:await.01	2	Phenomenon
pb:awake.01	0	Sleeper
pb:awake.01	1	Sleeper
pb:awake.01	2	Sleep_state
pb:awaken.01	1	Sleeper
pb:back.02	0	Self_mover
pb:baffle.01	0	Stimulus
pb:baffle.01	1	Experiencer
pb:bag.01	0	Agent
pb:bag.01	1	Theme
pb:bake.01	0	Cook
pb:bake.01	1	Produced_food
pb:barbecue.01	1	Food
pb:bash.01	0	Agent
pb:bash.01	1	Victim
pb:bat.01	0	Agent
pb:bat.01	1	Body_part
pb:bathe.01	0	Agent
pb:bathe.01	1	Body_part
pb:battle.01	0	Side_1
pb:battle.01	2	Purpose
pb:bawl.01	0	Speaker
pb:bawl.01	2	Addressee
pb:bayonet.01	1	Victim
pb:beat.03	0	Winner
pb:beat.03	1	Loser
pb:beat.03	2	Competition
pb:beckon.01	0	Communicator
pb:beckon.01	1	Addressee
pb:beckon.01	2	Message
pb:become.01	1	Entity
pb:become.01	2	Final_state
pb:beep.01	0	Sound_source
pb:befall.01	0	Undesirable_Event
pb:befall.01	1	Undergoer
pb:beget.01	1	Child
pb:beguile.01	0	Stimulus
pb:beguile.01	1	Experiencer
pb:behave.01	0	Agent
pb:behave.01	1	Manner
pb:behead.01	0	Killer
pb:behead.01	1	Victim
pb:belch.01	0	Excreter
pb:belittle.01	0	Communicator
pb:belittle.01	1	Evaluee
pb:bequeath.01	0	Donor
pb:bequeath.01	1	Theme
pb:bequeath.01	2	Recipient
pb:berate.01	0	Communicator
pb:berate.01	1	Addressee
pb:berate.01	2	Reason
pb:beseech.01	0	Speaker
pb:beseech.01	1	Addressee
pb:beseech.01	2	Message
pb:besiege.01	0	Assailant
pb:besiege.01	1	Victim
pb:bestow.01	1	Theme
pb:bestow.01	2	Goal
pb:bewilder.01	0	Stimulus
pb:bewilder.01	1	Experiencer
pb:bewitch.01	0	Stimulus
pb:bewitch.01	1	Experiencer
pb:bicker.01	0	Arguers
pb:bicker.01	1	Issue
pb:bicycle.01	0	Driver
pb:biff.01	1	Victim
pb:billet.01	0	Agent
pb:billet.01	1	Theme
pb:billet.01	2	Goal
pb:bin.01	1	Theme
pb:bisect.01	0	Agent
pb:bisect.01	1	Whole
pb:bitch.01	0	Complainer
pb:bivouac.01	0	Resident
pb:bivouac.01	1	Location
pb:blackmail.01	0	Manipulator
pb:blackmail.01	1	Victim
pb:blackmail.01	2	Resulting_action
pb:blame.01	0	Cognizer
pb:blame.01	1	Evaluee
pb:blame.01	2	Reason
pb:blanch.01	1	Food
pb:blanket.01	0	Theme
pb:blanket.01	1	Location
pb:blanket.01	2	Theme
pb:blare.01	1	Sound_source
pb:blast.02	0	Communicator
pb:blast.02	1	Evaluee
pb:blast.02	2	Reason
pb:bless.01	0	Leader
pb:blink.01	0	Agent
pb:blink.01	1	Body_part
pb:blink.01	2	Addressee
pb:blow.01	0	Theme
pb:blow.10	0	Agent
pb:bludgeon.01	0	Agent
pb:bludgeon.01	1	Victim
pb:bludgeon.01	2	Result
pb:bluster.01	0	Speaker
pb:board.01	0	Traveller
pb:board.01	1	Vehicle
pb:boat.01	0	Driver
pb:bode.01	0	Phenomenon_1
pb:bode.01	1	Outcome
pb:bolster.01	0	Supporter
pb:bolster.01	1	Supported
pb:bomb.01	0	Assailant
pb:bomb.01	1	Victim
pb:bone.01	1	Source
pb:boo.01	0	Cognizer
pb:boo.01	1	Evaluee
pb:book.01	1	Suspect
pb:bop.01	0	Self_mover
pb:bop.01	1	Self_mover
pb:bore.02	0	Stimulus
pb:bore.02	1	Experiencer
pb:botch.01	0	Agent
pb:botch.01	1	Patient
pb:bottle.01	0	Agent
pb:bottle.01	1	Theme
pb:bound.01	0	Self_mover
pb:box.01	1	Theme
pb:brag.01	0	Speaker
pb:brag.01	2	Addressee
pb:braid.01	1	Rope
pb:braid.01	2	Knot
pb:braise.01	1	Food
pb:brawl.01	0	Side_1
pb:brawl.01	1	Side_1
pb:breach.01	0	Protagonist
pb:breach.01	1	Norm
pb:breakfast.01	0	Ingestor
pb:breakfast.01	1	Ingestibles
pb:breathe.01	0	Agent
pb:breathe.01	1	Air
pb:breathe.01	2	Goal
pb:bring.01	0	Agent
pb:bring.01	1	Theme
pb:bring.01	3	Goal
pb:brood.01	0	Cognizer
pb:brood.01	1	Topic
pb:brood.01	2	Topic
pb:bubble.01	0	Fluid
pb:bubble.01	1	Fluid
pb:bubble.01	2	Source
pb:build.01	0	Agent
pb:build.01	1	Created_entity
pb:bullshit.01	0	Speaker
pb:bullshit.01	1	Addressee
pb:bully.01	0	Manipulator
pb:bully.01	1	Victim
pb:bully.01	2	Resulting_action
pb:bump.01	0	Impactor
pb:bump.01	1	Impactee
pb:bungle.01	0	Agent
pb:bungle.01	1	Action
pb:burgeon.01	0	Entity
pb:burgeon.01	1	Entity
pb:burgeon.01	2	Post_state
pb:burn.01	0	Experiencer
pb:burn.01	1	Body_part
pb:burp.01	0	Excreter
pb:burrow.01	0	Self_mover
pb:burrow.01	1	Self_mover
pb:burrow.01	2	Goal
pb:butter.01	0	Agent
pb:butter.01	1	Goal
pb:buy.01	0	Buyer
pb:buy.01	1	Goods
pb:buy.01	2	Seller
pb:buy.01	3	Money
pb:buzz.01	0	Theme
pb:buzz.01	1	Theme
pb:cage.01	1	Theme
pb:calibrate.01	0	Agent
pb:calibrate.01	1	Part
pb:calm.01	0	Stimulus
pb:calm.01	1	Experiencer
pb:calve.01	0	Mother
pb:calve.01	1	Child
pb:camouflage.01	0	Agent
pb:camouflage.01	1	Hidden_object
pb:camouflage.01	2	Obstruction
pb:camp.01	0	Resident
pb:camp.01	1	Resident
pb:camp.01	2	Location
pb:can.01	1	Undergoer
pb:canoe.01	0	Driver
pb:canter.01	0	Self_mover
pb:captivate.01	0	Stimulus
pb:captivate.01	1	Experiencer
pb:captivate.01	2	Means
pb:capture.01	0	Conqueror
pb:capture.01	1	Theme
pb:caress.01	1	Entity
pb:carry.01	0	Agent
pb:carry.01	1	Theme
pb:cart.01	1	Theme
pb:cart.01	2	Source
pb:cascade.01	0	Fluid
pb:cascade.01	2	Source
pb:castigate.01	0	Communicator
pb:castigate.01	1	Evaluee
pb:castigate.01	2	Reason
pb:catapult.01	0	Agent
pb:catapult.01	1	Theme
pb:catapult.01	2	Goal
pb:categorize.01	0	Cognizer
pb:categorize.01	1	Item
pb:categorize.01	2	Category
pb:catnap.01	0	Sleeper
pb:cause.01	0	Cause
pb:cause.01	1	Effect
pb:cause.01	C-1	Effect
pb:caution.01	0	Speaker
pb:caution.01	2	Addressee
pb:caw.01	0	Sound_source
pb:cease.01	0	Agent
pb:cease.01	1	Activity
pb:cement.01	0	Agent
pb:cement.01	1	Item
pb:cement.01	2	Goal
pb:censure.01	0	Communicator
pb:censure.01	1	Evaluee
pb:censure.01	2	Reason
pb:certify.01	0	Inspector
pb:certify.01	1	Unconfirmed_content
pb:chafe.01	0	Experiencer
pb:chain.01	0	Agent
pb:chance.01	0	Agent
pb:chance.01	1	Action
pb:chant.01	0	Speaker
pb:chant.01	2	Addressee
pb:characterize.01	0	Speaker
pb:characterize.01	1	Item
pb:characterize.01	2	Category
pb:charge.01	0	Seller
pb:charge.01	1	Money
pb:charge.01	2	Buyer
pb:charge.01	3	Goods
pb:charm.01	0	Stimulus
pb:charm.01	1	Experiencer
pb:charter.01	0	Lessee
pb:charter.01	1	Goods
pb:chase.01	0	Theme
pb:chase.01	1	Cotheme
pb:chastise.01	0	Communicator
pb:chastise.01	1	Addressee
pb:chastise.01	2	Reason
pb:chat.01	0	Interlocutors
pb:chat.01	1	Topic
pb:chat.01	2	Interlocutor_2
pb:chatter.01	1	Sound_source
pb:chew.01	0	Grinder
pb:chew.01	1	Undergoer
pb:chide.01	0	Communicator
pb:chide.01	1	Addressee
pb:chide.01	2	Reason
pb:chirrup.01	0	Speaker
pb:chirrup.01	1	Speaker
pb:chop.01	0	Agent
pb:chop.01	1	Item
pb:chop.01	2	Pieces
pb:chuckle.01	0	Sound_source
pb:chug.01	0	Theme
pb:chug.01	1	Theme
pb:cinch.01	0	Agent
pb:cinch.01	1	Connector
pb:cinch.02	0	Agent
pb:cinch.02	1	Connector
pb:cinch.03	0	Agent
pb:cinch.03	1	Item
pb:cinch.03	2	Goal
pb:circumcise.01	1	Member
pb:clack.01	2	Path
pb:claim.01	0	Speaker
pb:claim.01	1	Message
pb:clamber.01	0	Self_mover
pb:clank.02	0	Theme
pb:clank.02	1	Theme
pb:clap.01	0	Agent
pb:clap.01	1	Body_part
pb:clasp.01	0	Agent
pb:clasp.01	1	Entity
pb:class.01	0	Cognizer
pb:class.01	1	Item
pb:class.01	2	Category
pb:classify.01	0	Cognizer
pb:classify.01	1	Item
pb:classify.01	2	Category
pb:cleanse.01	0	Agent
pb:cleanse.01	1	Body_part
pb:cleave.01	0	Agent
pb:cleave.01	1	Whole_patient
pb:cleave.01	2	Pieces
pb:climb.01	0	Self_mover
pb:clomp.01	0	Self_mover
pb:clout.01	0	Agent
pb:clout.01	1	Victim
pb:clout.01	2	Result
pb:club.01	0	Agent
pb:club.01	1	Victim
pb:club.01	2	Result
pb:cluck.01	0	Speaker
pb:clump.01	0	Theme
pb:clump.01	2	Path
pb:clutch.01	0	Agent
pb:clutch.01	1	Entity
pb:coach.01	0	Teacher
pb:coach.01	1	Student
pb:cock.01	0	Agent
pb:cock.01	1	Body_part
pb:cock.01	2	Path
pb:cohabit.01	0	Partners
pb:cohabit.01	2	Partner_2
pb:coin.01	0	Cognizer
pb:coin.01	1	New_idea
pb:collaborate.01	0	Partners
pb:collaborate.01	1	Partner_2
pb:collaborate.01	2	Undertaking
pb:collar.01	0	Authorities
pb:collar.01	1	Suspect
pb:collude.01	0	Partners
pb:collude.01	2	Partner_2
pb:colonize.01	0	Colonists
pb:colonize.01	1	New_area
pb:comb.02	0	Agent
pb:combust.01	0	Flammables
pb:come.01	0	Mode_of_transportation
pb:come.01	1	Theme
pb:come.01	2	Goal
pb:come.01	4	Goal
pb:comfort.01	0	Stimulus
pb:comfort.01	1	Experiencer
pb:commence.01	0	Event
pb:commence.01	1	Event
pb:commend.01	0	Communicator
pb:commend.01	1	Evaluee
pb:comment.01	0	Speaker
pb:comment.01	1	Topic
pb:comment.02	0	Speaker
pb:comment.02	2	Addressee
pb:commit.02	0	Perpetrator
pb:commit.02	1	Crime
pb:communicate.01	0	Communicator
pb:communicate.01	1	Message
pb:communicate.01	2	Addressee
pb:commute.01	0	Traveler
pb:compare.01	0	Profiled_item
pb:compare.01	1	Profiled_item
pb:compare.01	2	Standard_item
pb:complain.01	0	Complainer
pb:complain.01	2	Addressee
pb:complete.01	0	Agent
pb:complete.01	1	Activity
pb:compliment.01	0	Communicator
pb:compliment.01	1	Addressee
pb:compliment.01	2	Reason
pb:comply.01	0	Protagonist
pb:comply.01	1	Norm
pb:comprehend.01	0	Cognizer
pb:comprehend.01	1	Phenomenon
pb:con.01	0	Manipulator
pb:con.01	1	Victim
pb:con.01	2	Resulting_action
pb:conceal.01	0	Obstruction
pb:conceal.01	1	Eclipsed
pb:conceal.01	2	Vantage_point
pb:concern.02	0	Text
pb:concern.02	1	Topic
pb:conciliate.01	0	Stimulus
pb:conciliate.01	1	Experiencer
pb:conclude.01	0	Cognizer
pb:conclude.01	1	Content
pb:conclude.01	2	Evidence
pb:conclude.02	0	Agent
pb:conclude.02	1	Activity
pb:concoct.01	0	Cook
pb:concoct.01	1	Produced_food
pb:concur.01	0	Cognizer_1
pb:condemn.01	0	Communicator
pb:condemn.01	1	Evaluee
pb:condemn.01	3	Reason
pb:condense.01	0	Undergoer
pb:condense.01	2	Result
pb:condone.01	0	Judge
pb:condone.01	1	Offense
pb:conduct.01	0	Theme
pb:conduct.01	1	Cotheme
pb:conduct.01	2	Goal
pb:confer.01	0	Interlocutor_1
pb:confer.01	1	Interlocutor_2
pb:confess.01	0	Speaker
pb:confess.01	1	Information
pb:confine.01	0	Agent
pb:confine.01	1	Theme
pb:confine.01	2	Holding_location
pb:confirm.01	0	Speaker
pb:confirm.01	1	Message
pb:confirm.01	2	Addressee
pb:confiscate.01	0	Agent
pb:confiscate.01	1	Theme
pb:confiscate.01	2	Source
pb:conform.01	0	Protagonist
pb:conform.01	1	Protagonist
pb:conform.01	2	Norm
pb:confront.01	0	Side_1
pb:confront.01	1	Side_2
pb:confuse.01	0	Stimulus
pb:confuse.01	1	Experiencer
pb:conjecture.01	0	Speaker
pb:conjecture.01	1	Message
pb:conjure.01	0	Stimulus
pb:conjure.01	1	Phenomenon
pb:conquer.01	0	Conqueror
pb:conquer.01	1	Theme
pb:conquer.01	2	Instrument
pb:consent.01	0	Speaker
pb:consent.01	1	Message
pb:consider.01	0	Cognizer
pb:consider.01	1	Item
pb:consider.01	2	Category
pb:consider.02	0	Cognizer
pb:consider.02	1	Topic
pb:console.01	0	Stimulus
pb:console.01	1	Experiencer
pb:console.01	2	Means
pb:conspire.01	1	Undertaking
pb:conspire.01	2	Partner_2
pb:constrain.01	0	Hindrance
pb:constrain.01	1	Protagonist
pb:constrain.01	2	Hindrance
pb:construct.01	0	Agent
pb:construct.01	1	Created_entity
pb:construct.01	2	Components
pb:construe.01	0	Cognizer
pb:construe.01	1	Item
pb:construe.01	2	Category
pb:consume.01	0	Ingestor
pb:consume.01	1	Ingestibles
pb:contact.01	0	Communicator
pb:contact.01	1	Addressee
pb:contact.01	2	Topic
pb:contemplate.01	0	Cognizer
pb:contemplate.01	1	Topic
pb:contend.01	0	Speaker
pb:contradict.01	0	Support
pb:contradict.01	1	Proposition
pb:contravene.01	1	Norm
pb:contribute.01	0	Donor
pb:contribute.01	1	Theme
pb:contribute.01	2	Recipient
pb:converse.01	1	Interlocutor_2
pb:converse.01	2	Interlocutor_2
pb:convict.01	0	Judge
pb:convict.01	1	Defendant
pb:convict.01	2	Charges
pb:core.01	1	Source
pb:core.01	2	Theme
pb:corroborate.01	0	Support
pb:corroborate.01	1	Proposition
pb:cost.01	1	Goods
pb:cost.01	2	Asset
pb:couch.01	0	Speaker
pb:couch.01	1	Message
pb:couch.01	2	Manner
pb:count.02	0	Cognizer
pb:count.02	1	Item
pb:count.02	2	Category
pb:count.03	0	Protagonist
pb:count.03	1	Intermediary
pb:count.03	2	Benefit
pb:counter.01	0	Speaker
pb:course.01	0	Fluid
pb:court.01	0	Partner_1
pb:court.01	1	Partner_2
pb:cover.01	1	Topic
pb:cover.01	2	Text
pb:covet.01	0	Experiencer
pb:covet.01	1	Focal_participant
pb:crack.02	0	Agent
pb:crack.02	1	Body_part
pb:crackle.01	1	Theme
pb:crackle.01	2	Path
pb:crane.01	0	Agent
pb:crane.01	1	Body_part
pb:crash.01	1	Impactor
pb:crate.01	1	Theme
pb:crave.01	0	Experiencer
pb:crave.01	1	Event
pb:crawl.01	0	Self_mover
pb:crawl.01	3	Source
pb:crease.01	0	Agent
pb:crease.01	1	Body_part
pb:creep.01	0	Self_mover
pb:creep.01	1	Path
pb:criticize.01	0	Communicator
pb:criticize.01	1	Evaluee
pb:criticize.01	2	Reason
pb:croak.01	0	Protagonist
pb:crow.01	0	Speaker
pb:crucify.01	0	Killer
pb:crucify.01	1	Victim
pb:crumble.01	0	Grinder
pb:crumble.01	1	Undergoer
pb:crumble.01	2	Result
pb:cudgel.01	0	Agent
pb:cudgel.01	1	Victim
pb:cudgel.01	2	Result
pb:cuff.01	0	Agent
pb:cuff.01	1	Victim
pb:cultivate.01	0	Agriculturist
pb:cultivate.01	1	Food
pb:cycle.01	0	Driver
pb:cycle.01	4	Goal
pb:damage.01	0	Agent
pb:damage.01	1	Patient
pb:dance.01	0	Self_mover
pb:dance.01	2	Self_mover
pb:dare.01	0	Agent
pb:dare.01	1	Agent
pb:dare.01	2	Action
pb:dart.01	0	Self_mover
pb:dazzle.01	0	Stimulus
pb:dazzle.01	1	Experiencer
pb:deactivate.01	0	Cause
pb:deactivate.01	1	Device
pb:deal.01	0	Agent
pb:deal.01	1	Problem
pb:debate.01	0	Interlocutors
pb:debate.01	1	Topic
pb:debate.01	2	Interlocutor_2
pb:debone.01	1	Source
pb:debone.01	2	Theme
pb:debug.01	0	Agent
pb:debug.01	1	Source
pb:decapitate.01	1	Victim
pb:decay.01	0	Undergoer
pb:decay.01	1	Undergoer
pb:decay.01	2	Result
pb:deceive.01	0	Speaker
pb:deceive.01	1	Addressee
pb:deceive.01	2	Topic
pb:decide.01	0	Cognizer
pb:decide.01	1	Decision
pb:declare.01	1	Message
pb:declare.01	2	Message
pb:declare.02	0	Speaker
pb:declare.02	1	Message
pb:decline.01	2	Difference
pb:decline.01	3	Initial_value
pb:decline.01	4	Final_value
pb:decline.02	0	Speaker
pb:decline.02	1	Proposed_action
pb:decompose.01	0	Undergoer
pb:decompose.01	1	Undergoer
pb:decontaminate.01	1	Source
pb:decorate.01	0	Theme
pb:decorate.01	1	Location
pb:decrease.01	1	Attribute
pb:decrease.01	3	Initial_value
pb:decrease.01	4	Final_value
pb:decry.01	0	Communicator
pb:decry.01	1	Evaluee
pb:decry.01	2	Reason
pb:deduce.01	0	Cognizer
pb:deduce.01	1	Content
pb:deduce.01	2	Evidence
pb:defecate.01	0	Excreter
pb:defecate.01	1	Excreter
pb:defect.01	0	Self_mover
pb:defect.01	2	Intended_goal
pb:defer.01	0	Agent
pb:defer.01	1	Event
pb:defer.01	2	Destination_event
pb:deforest.01	1	Source
pb:deforest.01	2	Theme
pb:degrease.01	0	Cause
pb:degrease.01	1	Source
pb:degrease.01	2	Theme
pb:dehydrate.01	1	Dryee
pb:deify.01	0	Cognizer
pb:deify.01	1	Evaluee
pb:delight.01	0	Stimulus
pb:delight.01	1	Experiencer
pb:deliver.01	0	Deliverer
pb:deliver.01	1	Theme
pb:deliver.01	2	Goal
pb:delouse.01	1	Source
pb:demand.01	0	Speaker
pb:demand.01	1	Message
pb:demand.01	2	Addressee
pb:demolish.01	0	Destroyer
pb:demolish.01	1	Undergoer
pb:denigrate.01	0	Communicator
pb:denigrate.01	1	Evaluee
pb:denigrate.01	2	Reason
pb:denote.01	0	Form
pb:denote.01	1	Referent
pb:denounce.01	0	Communicator
pb:denounce.01	1	Evaluee
pb:denounce.01	2	Reason
pb:denude.01	0	Agent
pb:denude.01	1	Source
pb:depart.01	0	Theme
pb:depict.01	0	Speaker
pb:depict.01	1	Item
pb:depict.01	2	Category
pb:deplore.01	0	Cognizer
pb:deplore.01	1	Evaluee
pb:deplore.01	2	Reason
pb:deploy.01	0	Agent
pb:deploy.01	1	Theme
pb:depose.01	0	Selector
pb:depose.01	1	Old_leader
pb:depose.01	2	Role
pb:deprecate.01	0	Communicator
pb:deprecate.01	1	Evaluee
pb:depress.02	0	Stimulus
pb:depress.02	1	Experiencer
pb:deprive.01	0	Preventing_cause
pb:deprive.01	2	Protagonist
pb:derail.01	0	Preventing_cause
pb:derail.01	1	Action
pb:deride.01	0	Communicator
pb:deride.01	1	Evaluee
pb:deride.01	2	Reason
pb:descale.01	1	Source
pb:descend.01	0	Road
pb:describe.01	0	Speaker
pb:describe.01	1	Item
pb:describe.01	2	Category
pb:desiccate.01	0	Cause
pb:desiccate.01	1	Dryee
pb:design.01	0	Cognizer
pb:design.01	1	Idea
pb:design.01	2	Purpose
pb:design.01	3	Purpose
pb:desire.01	0	Experiencer
pb:desire.01	1	Event
pb:despair.01	0	Experiencer
pb:despair.01	1	Content
pb:despise.01	0	Experiencer
pb:despise.01	1	Content
pb:despise.01	2	Reason
pb:destroy.01	1	Undergoer
pb:detach.01	0	Agent
pb:detach.01	1	Item
pb:detach.01	2	Goal
pb:detain.01	0	Authorities
pb:detain.01	1	Suspect
pb:detect.01	0	Perceiver_passive
pb:detect.01	1	Phenomenon
pb:detest.01	0	Experiencer
pb:detest.01	1	Content
pb:dethrone.01	0	Selector
pb:dethrone.01	1	Old_order
pb:devastate.01	0	Cause
pb:devastate.01	1	Undergoer
pb:devein.01	1	Source
pb:devein.01	2	Theme
pb:develop.01	1	Entity
pb:devise.01	0	Cognizer
pb:devise.01	1	Idea
pb:devise.01	2	Purpose
pb:devour.01	0	Ingestor
pb:devour.01	1	Ingestibles
pb:dice.01	1	Item
pb:die.01	1	Protagonist
pb:differ.02	0	Dimension
pb:differentiate.01	1	Phenomena
pb:differentiate.01	2	Phenomenon_2
pb:diminish.01	1	Item
pb:dine.01	0	Ingestor
pb:dip.01	1	Attribute
pb:dip.01	4	Final_value
pb:direct.01	0	Artist
pb:direct.01	1	Production
pb:direct.01	2	Studio
pb:disable.01	1	Artifact
pb:disappear.01	0	Theme
pb:disappear.01	1	Theme
pb:disappear.01	2	Goal
pb:disappear.01	4	Goal
pb:disappoint.01	0	Stimulus
pb:disappoint.01	1	Experiencer
pb:disapprove.01	0	Cognizer
pb:disarm.01	0	Agent
pb:disarm.01	1	Source
pb:disburse.01	0	Buyer
pb:disburse.01	1	Money
pb:discard.01	0	Agent
pb:discard.01	1	Theme
pb:discern.01	0	Cognizer
pb:discern.01	1	Phenomenon
pb:discipline.01	0	Agent
pb:discipline.01	1	Evaluee
pb:discipline.01	2	Reason
pb:disclose.01	0	Speaker
pb:disclose.01	1	Information
pb:disclose.01	2	Addressee
pb:discomfit.01	0	Stimulus
pb:discomfit.01	1	Experiencer
pb:disconcert.01	0	Stimulus
pb:disconcert.01	1	Experiencer
pb:discourage.01	0	Stimulus
pb:discourage.01	1	Experiencer
pb:discover.01	0	Cognizer
pb:discover.01	1	Phenomenon
pb:discover.01	3	State
pb:disdain.01	0	Cognizer
pb:disdain.01	1	Evaluee
pb:disembark.01	0	Traveller
pb:disembark.01	2	Vehicle
pb:disembowel.01	0	Agent
pb:disembowel.01	1	Source
pb:disembowel.01	2	Theme
pb:dishearten.01	0	Stimulus
pb:dishearten.01	1	Experiencer
pb:dislike.01	0	Experiencer
pb:dislike.01	1	Content
pb:dislodge.01	0	Agent
pb:dislodge.01	1	Theme
pb:dislodge.01	2	Source
pb:dismount.01	0	Traveller
pb:dismount.01	1	Traveller
pb:dismount.01	2	Vehicle
pb:disparage.01	0	Communicator
pb:disparage.01	1	Evaluee
pb:dispatch.01	0	Sender
pb:dispatch.01	1	Theme
pb:dispatch.01	2	Goal
pb:dispatch.01	3	Source
pb:dispatch.01	4	Goal
pb:displease.01	0	Stimulus
pb:displease.01	1	Experiencer
pb:dissuade.01	0	Speaker
pb:dissuade.01	1	Addressee
pb:dissuade.01	2	Content
pb:distinguish.01	0	Cognizer
pb:distinguish.01	2	Phenomenon_2
pb:distress.01	1	Experiencer
pb:disturb.01	0	Stimulus
pb:disturb.01	1	Experiencer
pb:dither.01	0	Cognizer
pb:divest.01	0	Agent
pb:divest.01	1	Source
pb:divest.01	2	Source
pb:divorce.01	0	Partner_1
pb:divorce.01	2	Explanation
pb:divulge.01	0	Speaker
pb:divulge.01	1	Information
pb:divulge.01	2	Addressee
pb:document.01	0	Agent
pb:document.01	1	Phenomenon
pb:dodge.01	0	Agent
pb:dodge.01	1	Undesirable_situation
pb:doff.01	0	Wearer
pb:doff.01	1	Clothing
pb:don.01	0	Wearer
pb:don.01	1	Clothing
pb:donate.01	0	Donor
pb:donate.01	1	Theme
pb:donate.01	2	Recipient
pb:double.01	1	Attribute
pb:double.01	3	Initial_value
pb:double.01	4	Final_value
pb:doubt.01	0	Cognizer
pb:doubt.01	1	Content
pb:douse.01	0	Agent
pb:douse.01	1	Undergoer
pb:douse.01	2	Liquid
pb:dovetail.01	0	Item_1
pb:dovetail.01	2	Item_2
pb:doze.01	0	Sleeper
pb:doze.01	2	Place
pb:draft.01	0	Author
pb:draft.01	1	Text
pb:drag.01	0	Agent
pb:drag.01	1	Theme
pb:drawl.01	0	Speaker
pb:dread.01	0	Experiencer
pb:dread.01	1	Content
pb:dress.01	0	Wearer
pb:dress.01	1	Wearer
pb:dress.01	2	Clothing
pb:drink.01	0	Ingestor
pb:drink.01	1	Ingestibles
pb:drink.01	2	Source
pb:drowse.01	0	Sleeper
pb:drowse.01	1	Sleeper
pb:dub.01	0	Speaker
pb:dub.01	1	Entity
pb:dub.01	2	Name
pb:duck.01	0	Agent
pb:duck.01	1	Undesirable_situation
pb:duplicate.01	0	Creator
pb:duplicate.01	1	Original
pb:dust.02	1	Source
pb:dust.03	0	Agent
pb:dust.03	1	Theme
pb:dust.03	2	Source
pb:dwell.01	0	Resident
pb:dwell.01	1	Location
pb:dwell.01	2	Co_resident
pb:dye.01	0	Agent
pb:dye.01	1	Material
pb:dye.01	2	Alterant
pb:ease.01	0	Treatment
pb:ease.01	1	Affliction
pb:ease.02	1	Affliction
pb:eat.01	0	Ingestor
pb:eat.01	1	Ingestibles
pb:eavesdrop.01	0	Perceiver_agentive
pb:eavesdrop.01	1	Phenomenon
pb:echo.01	0	Sound
pb:edge.01	0	Road
pb:edge.01	1	Path
pb:edge.01	5	Path
pb:eject.01	0	Agent
pb:eject.01	1	Theme
pb:eject.01	2	Source
pb:elbow.01	0	Agent
pb:elbow.01	1	Victim
pb:elbow.01	2	Result
pb:elect.01	0	Selector
pb:elect.01	1	New_leader
pb:elect.01	2	Role
pb:electrocute.01	1	Victim
pb:elicit.01	0	Cause
pb:elicit.01	1	Effect
pb:emanate.01	0	Emission
pb:emanate.01	1	Emission
pb:emanate.01	2	Source
pb:embalm.01	0	Agent
pb:embalm.01	1	Undergoer
pb:embarrass.01	0	Stimulus
pb:embarrass.01	1	Experiencer
pb:embed.01	0	Agent
pb:embed.01	1	Theme
pb:embed.01	2	Goal
pb:embellish.01	0	Agent
pb:embellish.01	1	Goal
pb:embellish.01	2	Theme
pb:embezzle.01	0	Perpetrator
pb:embezzle.01	1	Goods
pb:embrace.01	0	Agent
pb:embrace.01	1	Value
pb:embrace.01	2	Attribute
pb:emerge.01	0	Theme
pb:emigrate.01	0	Self_mover
pb:emigrate.01	2	Source
pb:emigrate.01	4	Intended_goal
pb:emit.01	0	Source_emitter
pb:emit.01	1	Emission
pb:emit.01	2	Source_emitter
pb:empathize.01	0	Experiencer
pb:empathize.01	1	Other
pb:emplace.01	1	Theme
pb:emplace.01	2	Goal
pb:employ.02	0	Agent
pb:employ.02	1	Instrument
pb:employ.02	2	Purpose
pb:enchant.01	0	Stimulus
pb:enchant.01	1	Experiencer
pb:encircle.01	0	Theme
pb:encircle.01	1	Location
pb:encumber.01	0	Hindrance
pb:encumber.01	1	Protagonist
pb:encumber.01	2	Hindrance
pb:end.03	1	Entity
pb:end.03	2	Final_state
pb:endanger.01	0	Cause
pb:endanger.01	1	Valued_entity
pb:enforce.01	0	Agent
pb:enforce.01	1	Rule
pb:engender.01	0	Cause
pb:engender.01	1	Effect
pb:enlarge.01	0	Agent
pb:enlarge.01	1	Item
pb:enlist.01	0	New_member
pb:enlist.01	2	Group
pb:enrage.01	0	Stimulus
pb:enrage.01	1	Experiencer
pb:enroll.01	0	New_member
pb:enroll.01	1	New_member
pb:enroll.01	2	Group
pb:entitle.01	1	State_of_affairs
pb:entreat.01	0	Speaker
pb:entreat.01	2	Message
pb:envelop.01	0	Theme
pb:envelop.01	1	Location
pb:envy.01	0	Experiencer
pb:envy.01	1	Content
pb:envy.01	2	Reason
pb:equal.01	0	Profiled_item
pb:equivocate.01	0	Speaker
pb:equivocate.01	1	Topic
pb:erect.01	0	Agent
pb:erect.01	1	Created_entity
pb:erect.01	2	Place
pb:eschew.01	0	Agent
pb:eschew.01	1	Undesirable_situation
pb:escort.01	0	Theme
pb:escort.01	1	Cotheme
pb:escort.01	4	Goal
pb:espy.01	0	Cognizer
pb:espy.01	1	Phenomenon
pb:establish.01	0	Creator
pb:establish.01	1	Created_entity
pb:establish.01	2	Role
pb:esteem.01	0	Cognizer
pb:esteem.01	1	Evaluee
pb:esteem.01	2	Role
pb:estimate.01	0	Cognizer
pb:estimate.01	2	Value
pb:etch.01	0	Agent
pb:etch.01	1	Material
pb:evacuate.01	0	Escapee
pb:evacuate.01	1	Undesirable_location
pb:evaluate.01	1	Phenomenon
pb:evaporate.01	0	Undergoer
pb:evaporate.01	1	Undergoer
pb:evict.01	0	Agent
pb:evict.01	1	Theme
pb:evict.01	2	Source
pb:evidence.01	0	Support
pb:evidence.01	1	Proposition
pb:evince.01	0	Support
pb:evince.01	1	Proposition
pb:eviscerate.01	1	Source
pb:evoke.01	0	Stimulus
pb:evoke.01	1	Phenomenon
pb:evolve.01	3	Components
pb:exalt.01	0	Cognizer
pb:exalt.01	1	Evaluee
pb:exasperate.01	0	Stimulus
pb:exasperate.01	1	Experiencer
pb:excise.01	0	Agent
pb:excise.01	1	Theme
pb:excise.01	2	Source
pb:excite.01	0	Stimulus
pb:excite.01	1	Experiencer
pb:exclaim.01	0	Speaker
pb:exclaim.01	2	Addressee
pb:exclude.01	0	Total
pb:exclude.01	1	Part
pb:excommunicate.01	0	Authority
pb:excommunicate.01	1	Member
pb:excommunicate.01	2	Explanation
pb:excoriate.01	0	Communicator
pb:excoriate.01	1	Evaluee
pb:excoriate.01	2	Reason
pb:excrete.01	0	Source_emitter
pb:excrete.01	1	Emission
pb:excuse.01	0	Judge
pb:excuse.01	1	Evaluee
pb:excuse.01	2	Offense
pb:exhaust.01	0	Agent
pb:exhaust.01	1	Resource
pb:exhilarate.01	0	Stimulus
pb:exhilarate.01	1	Experiencer
pb:exhilarate.01	2	Stimulus
pb:exhort.01	0	Speaker
pb:exhort.01	1	Addressee
pb:exhort.01	2	Content
pb:exist.01	1	Entity
pb:expect.01	0	Cognizer
pb:expect.01	1	Phenomenon
pb:expect.01	C-1	Phenomenon
pb:experience.01	0	Experiencer
pb:experience.01	1	Emotion
pb:expiate.01	0	Agent
pb:expiate.01	1	Wrong
pb:explain.01	0	Fact
pb:explain.01	1	State_of_affairs
pb:express.01	0	Speaker
pb:express.01	1	Message
pb:exterminate.01	0	Killer
pb:exterminate.01	1	Victim
pb:extol.01	0	Communicator
pb:extol.01	1	Evaluee
pb:extol.01	2	Reason
pb:extract.01	0	Agent
pb:extract.01	1	Theme
pb:extract.01	2	Source
pb:extradite.01	1	Suspect
pb:extradite.01	2	Crime_jurisdiction
pb:extradite.01	3	Current_jurisdiction
pb:fabricate.01	0	Manufacturer
pb:fabricate.01	1	Product
pb:faint.01	0	Sleeper
pb:fake.01	1	Forgery
pb:falsify.01	0	Agent
pb:falsify.01	1	Standard
pb:fancy.01	0	Experiencer
pb:fart.01	0	Excreter
pb:fart.01	1	Excreter
pb:fascinate.01	0	Stimulus
pb:fascinate.01	1	Experiencer
pb:fashion.01	0	Agent
pb:fashion.01	1	Created_entity
pb:fashion.01	2	Components
pb:father.01	0	Father
pb:father.01	1	Child
pb:fathom.01	0	Cognizer
pb:fault.01	0	Cognizer
pb:fault.01	1	Evaluee
pb:fault.01	2	Reason
pb:faze.01	0	Stimulus
pb:faze.01	1	Experiencer
pb:fear.01	0	Experiencer
pb:fear.01	1	Content
pb:feast.01	0	Ingestor
pb:feast.01	1	Ingestibles
pb:feed.01	0	Ingestor
pb:feed.01	1	Ingestibles
pb:feel.03	0	Cognizer_agent
pb:feign.01	0	Agent
pb:feign.01	1	Original
pb:ferry.01	0	Agent
pb:ferry.01	1	Theme
pb:ferry.01	3	Goal
pb:fester.01	1	Undergoer
pb:festoon.01	0	Theme
pb:festoon.01	1	Location
pb:festoon.01	2	Theme
pb:fetch.01	0	Agent
pb:fetch.01	1	Theme
pb:fetch.01	2	Source
pb:fetter.01	0	Agent
pb:fetter.01	1	Connector
pb:fidget.01	0	Agent
pb:figure.01	0	Cognizer
pb:figure.01	1	Opinion
pb:filch.01	0	Perpetrator
pb:filch.01	1	Goods
pb:filch.01	2	Source
pb:fillet.01	1	Item
pb:film.01	0	Artist
pb:film.01	1	Production
pb:fine.01	0	Speaker
pb:fine.01	2	Payer
pb:fine.01	3	Reason
pb:finish.01	0	Agent
pb:finish.01	1	Activity
pb:fire.02	0	Employer
pb:fire.02	1	Employee
pb:fix.03	0	Judge
pb:fizz.01	0	Theme
pb:fizz.01	1	Theme
pb:fizzle.01	1	Sound_source
pb:flabbergast.01	0	Stimulus
pb:flabbergast.01	1	Experiencer
pb:flagellate.01	0	Agent
pb:flagellate.01	1	Victim
pb:flake.01	2	Instrument
pb:flap.01	0	Agent
pb:flap.01	1	Body_part
pb:flatten.01	0	Deformer
pb:flatten.01	1	Undergoer
pb:flee.01	0	Evader
pb:flee.01	1	Pursuer
pb:flex.01	0	Agent
pb:flex.01	1	Body_part
pb:flicker.01	1	Beam
pb:fling.01	0	Agent
pb:fling.01	1	Theme
pb:flit.01	0	Self_mover
pb:flit.01	1	Self_mover
pb:float.01	0	Theme
pb:float.01	1	Theme
pb:float.01	2	Goal
pb:flock.02	0	Mass_theme
pb:flood.01	1	Goal
pb:flood.01	2	Theme
pb:floor.01	0	Stimulus
pb:floor.01	1	Experiencer
pb:floss.01	0	Agent
pb:flounce.01	0	Self_mover
pb:flourish.01	0	Entity
pb:flourish.01	1	Entity
pb:flout.01	0	Protagonist
pb:flout.01	1	Norm
pb:flow.01	0	Fluid
pb:flow.01	1	Fluid
pb:fluster.01	0	Stimulus
pb:fluster.01	1	Experiencer
pb:flutter.01	0	Agent
pb:flutter.01	1	Body_part
pb:foil.01	1	Protagonist
pb:foist.01	0	Donor
pb:foist.01	1	Theme
pb:foist.01	2	Recipient
pb:fold.03	0	Deformer
pb:fold.03	1	Undergoer
pb:fold.03	2	Result
pb:follow.01	1	Focal_occasion
pb:follow.01	2	Focal_occasion
pb:follow.02	0	Protagonist
pb:follow.02	1	Norm
pb:forage.01	0	Cognizer_agent
pb:forage.01	1	Sought_entity
pb:forecast.01	0	Speaker
pb:forecast.01	1	Eventuality
pb:foresee.01	0	Cognizer
pb:foresee.01	1	Phenomenon
pb:foreshadow.01	0	Phenomenon_1
pb:foreshadow.01	1	Phenomenon_2
pb:forestall.01	0	Preventing_cause
pb:forgive.01	0	Judge
pb:forgive.01	1	Evaluee
pb:forgo.01	0	Agent
pb:forgo.01	1	Undesirable_situation
pb:fortify.01	1	Patient
pb:forward.01	0	Sender
pb:forward.01	1	Theme
pb:forward.01	2	Recipient
pb:frame.05	0	Speaker
pb:frame.05	1	Message
pb:freeze.02	0	Agent
pb:freeze.02	1	Activity
pb:fret.01	0	Experiencer
pb:fret.01	1	Topic
pb:frighten.01	0	Stimulus
pb:frighten.01	1	Experiencer
pb:frolic.01	0	Self_mover
pb:frown.01	0	Agent
pb:frown.01	2	Intended_perceiver
pb:frustrate.01	0	Stimulus
pb:frustrate.01	1	Experiencer
pb:fry.01	0	Cook
pb:fry.01	1	Food
pb:fume.01	0	Experiencer
pb:fuss.01	0	Experiencer
pb:fuss.01	1	Topic
pb:gabble.01	0	Speaker
pb:gain.01	1	Item
pb:gain.01	2	Difference
pb:gain.01	4	Final_value
pb:gain.02	0	Recipient
pb:gain.02	1	Theme
pb:gall.01	1	Experiencer
pb:gall.01	2	Stimulus
pb:gambol.01	0	Self_mover
pb:gambol.01	1	Area
pb:garage.01	1	Theme
pb:garrotte.01	2	Instrument
pb:gash.01	0	Agent
pb:gash.01	1	Body_part
pb:gash.01	2	Instrument
pb:gaze.01	0	Perceiver_agentive
pb:gaze.01	1	Phenomenon
pb:gesticulate.01	0	Communicator
pb:gesticulate.01	2	Addressee
pb:gesture.01	0	Communicator
pb:gesture.01	1	Addressee
pb:gesture.01	2	Message
pb:get.03	1	Entity
pb:get.03	2	Final_state
pb:gibber.01	0	Speaker
pb:gibber.01	2	Addressee
pb:gift.01	1	Theme
pb:gift.01	2	Recipient
pb:giggle.01	0	Sound_source
pb:give.01	0	Donor
pb:give.01	1	Theme
pb:give.01	2	Recipient
pb:gladden.01	0	Stimulus
pb:gladden.01	1	Experiencer
pb:glance.01	0	Perceiver_agentive
pb:glance.01	1	Phenomenon
pb:gleam.01	0	Figure
pb:gleam.01	1	Figure
pb:glide.01	0	Theme
pb:gloat.01	0	Speaker
pb:gnash.01	0	Agent
pb:gnash.01	1	Body_part
pb:gnash.02	1	Body_part
pb:gossip.01	0	Interlocutors
pb:gossip.01	1	Topic
pb:gossip.01	2	Interlocutor_2
pb:govern.01	0	Leader
pb:govern.01	1	Governed
pb:grab.01	0	Agent
pb:grab.01	1	Entity
pb:gratify.01	0	Stimulus
pb:gratify.01	1	Experiencer
pb:gratify.01	2	Stimulus
pb:grieve.01	0	Experiencer
pb:grieve.01	1	Content
pb:grieve.01	2	Content
pb:grimace.01	0	Agent
pb:grimace.01	1	Internal_cause
pb:grin.01	0	Agent
pb:grind.03	0	Agent
pb:grind.03	1	Body_part
pb:grip.01	0	Agent
pb:grip.01	1	Entity
pb:groan.01	0	Speaker
pb:groan.01	2	Addressee
pb:groom.01	0	Agent
pb:groom.01	1	Patient
pb:grope.01	0	Cognizer_agent
pb:grouse.01	0	Complainer
pb:grow.02	1	Entity
pb:grow.02	2	Final_state
pb:guard.01	0	Protection
pb:guard.01	1	Asset
pb:guess.01	0	Cognizer
pb:guess.01	1	Content
pb:guess.01	2	Evidence
pb:guffaw.01	0	Sound_source
pb:gulp.01	0	Ingestor
pb:gulp.01	1	Ingestibles
pb:gut.01	1	Source
pb:guzzle.01	0	Ingestor
pb:guzzle.01	1	Ingestibles
pb:hammer.02	0	Agent
pb:hammer.02	1	Victim
pb:hamper.01	0	Hindrance
pb:hamper.01	1	Action
pb:hand.01	0	Donor
pb:hand.01	1	Theme
pb:hand.01	2	Recipient
pb:hand.02	0	Donor
pb:hand.02	1	Theme
pb:hand.02	2	Recipient
pb:hanker.01	0	Experiencer
pb:happen.01	1	Event
pb:harass.01	0	Manipulator
pb:harass.01	1	Victim
pb:harass.01	2	Resulting_action
pb:harvest.01	0	Gatherer
pb:harvest.01	1	Crop
pb:hasten.01	0	Self_mover
pb:hasten.01	2	Goal
pb:hatch.01	0	Cognizer
pb:hatch.01	1	Idea
pb:have.03	0	Owner
pb:have.03	1	Possession
pb:head.01	0	Leader
pb:head.01	1	Governed
pb:head.02	0	Self_mover
pb:hear.01	0	Perceiver_passive
pb:hear.01	1	Phenomenon
pb:hear.01	2	State
pb:hear.01	C-1	Depictive
pb:hearten.01	0	Stimulus
pb:hearten.01	1	Experiencer
pb:heat.01	0	Cause
pb:heat.01	1	Item
pb:heat.01	2	Instrument
pb:heat.02	0	Cause
pb:heat.02	1	Item
pb:heat.02	2	Temperature_goal
pb:help.01	0	Helper
pb:help.01	C-1	Goal
pb:herd.01	0	Agent
pb:herd.01	1	Individuals
pb:herd.01	2	Goal
pb:hide.01	0	Obstruction
pb:hide.01	1	Eclipsed
pb:hide.01	2	Vantage_point
pb:hijack.01	0	Perpetrator
pb:hijack.01	1	Vehicle
pb:hijack.01	2	Place
pb:hinder.01	0	Hindrance
pb:hinder.01	1	Action
pb:hinge.01	0	Outcome
pb:hinge.01	2	Determinant
pb:hire.01	0	Employer
pb:hire.01	1	Employee
pb:hire.01	2	Task
pb:hiss.01	0	Speaker
pb:hitch.01	0	Agent
pb:hitch.01	1	Item
pb:hitch.01	2	Goal
pb:hobble.02	0	Self_mover
pb:hobble.02	2	Goal
pb:hold.01	0	Container
pb:hold.01	1	Contents
pb:hook.01	0	Agent
pb:hook.01	1	Item
pb:hook.01	2	Goal
pb:hope.01	0	Focal_participant
pb:hospitalize.01	1	Patient
pb:hospitalize.01	2	Affliction
pb:hound.01	0	Theme
pb:hound.01	1	Cotheme
pb:hound.01	2	Source
pb:humiliate.01	0	Stimulus
pb:humiliate.01	1	Experiencer
pb:hunger.01	0	Experiencer
pb:hunger.01	1	Focal_participant
pb:hunger.01	2	Focal_participant
pb:hunt.01	0	Cognizer_agent
pb:hunt.01	1	Sought_entity
pb:hurl.01	0	Agent
pb:hurl.01	1	Theme
pb:hurl.01	2	Goal
pb:hurry.01	0	Self_mover
pb:hurry.01	4	Goal
pb:hydrate.01	1	Undergoer
pb:identify.01	0	Inspector
pb:identify.01	1	Unconfirmed_content
pb:ignite.01	0	Kindler
pb:ignite.01	1	Flammables
pb:imagine.01	0	Cognizer
pb:imagine.01	1	Content
pb:imagine.01	2	Content
pb:imagine.01	C-1	Content
pb:imbibe.01	0	Ingestor
pb:imbibe.01	1	Ingestibles
pb:imitate.01	0	Agent
pb:imitate.01	1	Characteristic
pb:immerse.01	0	Agent
pb:immerse.01	1	Theme
pb:immerse.01	2	Goal
pb:impale.01	0	Agent
pb:impale.01	1	Victim
pb:impale.01	2	Instrument
pb:impede.01	0	Hindrance
pb:impede.01	1	Action
pb:imperil.01	1	Valued_entity
pb:impersonate.01	0	Agent
pb:impersonate.01	1	Simulated_entity
pb:implant.01	0	Agent
pb:implant.01	1	Theme
pb:implant.01	2	Goal
pb:implement.01	0	Agent
pb:implement.01	1	Plan
pb:implore.01	0	Speaker
pb:implore.01	1	Addressee
pb:impress.01	0	Stimulus
pb:impress.01	1	Experiencer
pb:impress.01	2	Means
pb:imprison.01	0	Authorities
pb:imprison.01	1	Prisoner
pb:imprison.01	2	Offense
pb:improvise.01	0	Cognizer
pb:improvise.01	1	Idea
pb:improvise.01	2	Material
pb:incapacitate.01	0	Cause
pb:incapacitate.01	1	Artifact
pb:incarcerate.01	1	Prisoner
pb:incense.01	0	Stimulus
pb:incense.01	1	Experiencer
pb:incorporate.02	0	Total
pb:incorporate.02	1	Part
pb:increase.01	0	Difference
pb:increase.01	1	Attribute
pb:increase.01	2	Difference
pb:increase.01	3	Initial_value
pb:increase.01	4	Final_value
pb:indict.01	0	Arraign_authority
pb:indict.01	1	Accused
pb:indict.01	2	Charges
pb:infer.01	0	Cognizer
pb:infer.01	1	Content
pb:infer.01	2	Evidence
pb:infuriate.01	0	Stimulus
pb:infuriate.01	1	Experiencer
pb:ingest.01	0	Ingestor
pb:ingest.01	1	Ingestibles
pb:inhabit.01	0	Resident
pb:inhabit.01	1	Location
pb:inhale.01	0	Agent
pb:inhale.01	1	Air
pb:inhibit.01	0	Hindrance
pb:inhibit.01	1	Action
pb:inhibit.01	2	Action
pb:initiate.01	0	Agent
pb:initiate.01	1	Activity
pb:insert.01	0	Agent
pb:insert.01	1	Theme
pb:insert.01	2	Goal
pb:insist.01	0	Speaker
pb:insist.01	1	Message
pb:inspect.01	0	Inspector
pb:inspect.01	1	Ground
pb:inspect.01	2	Unwanted_entity
pb:insult.01	0	Agent
pb:insult.01	1	Experiencer
pb:intercept.01	0	Interceptor
pb:intercept.01	1	Theme
pb:interest.01	0	Stimulus
pb:interest.01	1	Experiencer
pb:interfere.01	0	Hindrance
pb:interfere.01	1	Action
pb:interpret.01	0	Cognizer
pb:interpret.01	1	Item
pb:interpret.01	2	Category
pb:interrogate.01	0	Speaker
pb:interrogate.01	1	Addressee
pb:interrupt.01	0	Cause
pb:interrupt.01	1	Process
pb:intimidate.01	0	Stimulus
pb:intimidate.01	1	Experiencer
pb:intimidate.01	2	Result
pb:intrigue.01	0	Stimulus
pb:intrigue.01	1	Experiencer
pb:intrigue.01	2	Stimulus
pb:invent.01	0	Cognizer
pb:invent.01	1	New_idea
pb:invigorate.01	0	Cause
pb:invigorate.01	1	Entity
pb:irk.01	0	Stimulus
pb:irk.01	1	Experiencer
pb:irritate.01	0	Stimulus
pb:irritate.01	1	Experiencer
pb:jab.01	0	Agent
pb:jab.01	1	Impactor
pb:jab.01	2	Impactee
pb:jabber.01	0	Speaker
pb:jail.01	0	Authorities
pb:jail.01	1	Prisoner
pb:jeer.01	0	Communicator
pb:jeer.01	1	Addressee
pb:jeer.01	2	Reason
pb:jiggle.01	0	Agent
pb:jiggle.01	1	Body_part
pb:jog.01	0	Self_mover
pb:join.01	2	Part_2
pb:jot.01	0	Author
pb:jot.01	1	Text
pb:jot.01	2	Place
pb:journey.01	0	Traveler
pb:journey.01	2	Goal
pb:judge.01	0	Assessor
pb:judge.01	1	Phenomenon
pb:judge.01	2	Value
pb:kick.01	0	Agent
pb:kick.01	1	Victim
pb:kid.01	0	Speaker
pb:kid.01	1	Addressee
pb:kidnap.01	0	Perpetrator
pb:kidnap.01	1	Victim
pb:kidnap.01	2	Source
pb:kill.01	0	Killer
pb:kill.01	1	Victim
pb:kindle.01	0	Kindler
pb:kindle.01	1	Flame
pb:knead.01	0	Agent
pb:knead.01	1	Entity
pb:knife.01	0	Agent
pb:knife.01	1	Victim
pb:knife.01	2	Result
pb:knot.01	0	Agent
pb:knot.01	1	Rope
pb:label.01	0	Speaker
pb:label.01	1	Entity
pb:label.01	2	Label
pb:lament.01	0	Complainer
pb:lament.01	1	Complaint
pb:lap.01	0	Ingestor
pb:lap.01	1	Ingestibles
pb:lash.01	0	Agent
pb:laud.01	0	Communicator
pb:laud.01	1	Evaluee
pb:laud.01	2	Reason
pb:lead.01	0	Theme
pb:lead.01	1	Cotheme
pb:lead.01	C-1	Path
pb:lead.02	0	Leader
pb:lead.02	1	Governed
pb:leap.01	1	Theme
pb:lease.01	0	Lessee
pb:lease.01	1	Goods
pb:lease.02	0	Lessor
pb:lease.02	1	Goods
pb:lease.02	2	Lessee
pb:lecture.01	0	Speaker
pb:lecture.01	1	Audience
pb:lecture.01	2	Topic
pb:lick.01	0	Agent
pb:lick.01	1	Entity
pb:lie.02	0	Speaker
pb:lie.02	2	Addressee
pb:lift.01	0	Agent
pb:lift.01	1	Body_part
pb:lift.01	3	Source
pb:lift.01	4	Goal
pb:light.01	0	Kindler
pb:like.01	0	Experiencer
pb:like.01	1	Content
pb:limp.01	0	Self_mover
pb:limp.01	1	Self_mover
pb:line.01	1	Location
pb:line.01	2	Theme
pb:liquidate.01	1	Victim
pb:lisp.01	0	Speaker
pb:live.01	0	Resident
pb:loathe.01	0	Experiencer
pb:loathe.01	1	Content
pb:lobby.01	0	Speaker
pb:lobby.01	2	Addressee
pb:locate.02	0	Cognizer
pb:locate.02	1	Phenomenon
pb:lock.01	0	Agent
pb:lock.01	1	Theme
pb:lodge.01	0	Resident
pb:lodge.01	1	Location
pb:lodge.02	1	Theme
pb:lodge.02	2	Goal
pb:long.01	0	Experiencer
pb:long.01	1	Event
pb:long.01	2	Event
pb:look.02	0	Phenomenon
pb:lope.01	0	Self_mover
pb:love.01	0	Experiencer
pb:love.01	1	Content
pb:love.02	0	Experiencer
pb:lower.01	0	Agent
pb:lower.01	1	Attribute
pb:lower.01	2	Difference
pb:lower.01	3	Value_1
pb:lower.01	4	Value_2
pb:lug.01	0	Agent
pb:lug.01	1	Theme
pb:lug.01	2	Goal
pb:lumber.01	0	Self_mover
pb:lunch.01	0	Ingestor
pb:lunch.01	1	Ingestibles
pb:lunge.01	0	Self_mover
pb:lurch.01	0	Self_mover
pb:lust.01	0	Experiencer
pb:lust.01	1	Experiencer
pb:lust.01	2	Focal_participant
pb:madden.01	0	Stimulus
pb:madden.01	1	Experiencer
pb:magnify.01	0	Agent
pb:magnify.01	1	Item
pb:mail.01	0	Sender
pb:mail.01	1	Theme
pb:maim.01	0	Cause
pb:maim.01	1	Victim
pb:make.02	0	Cause
pb:make.02	1	Affected
pb:make.02	2	Effect
pb:manacle.01	0	Agent
pb:manacle.01	1	Item
pb:manicure.01	0	Agent
pb:manipulate.02	0	Manipulator
pb:manipulate.02	1	Victim
pb:manipulate.02	2	Resulting_action
pb:manufacture.01	0	Manufacturer
pb:manufacture.01	1	Product
pb:manufacture.01	2	Manner
pb:march.01	0	Self_mover
pb:march.01	4	Goal
pb:marinate.01	1	Theme
pb:marry.01	0	Partner_1
pb:marry.01	1	Partner_1
pb:marry.01	2	Partner_2
pb:massacre.01	0	Killer
pb:massacre.01	1	Victim
pb:massacre.01	2	Instrument
pb:massage.01	0	Agent
pb:massage.01	1	Entity
pb:masticate.01	1	Undergoer
pb:materialize.01	1	Entity
pb:maul.01	0	Agent
pb:maul.01	1	Victim
pb:meditate.01	0	Cognizer
pb:meditate.01	1	Topic
pb:meet.02	0	Individual_1
pb:meet.02	1	Individual_2
pb:mention.01	0	Speaker
pb:mention.01	1	Message
pb:mention.01	2	Addressee
pb:mention.01	3	Addressee
pb:mew.01	0	Sound_source
pb:mimic.01	0	Agent
pb:mimic.01	1	Characteristic
pb:mince.02	1	Item
pb:misappropriate.01	0	Perpetrator
pb:misappropriate.01	1	Goods
pb:misbehave.01	0	Agent
pb:misbehave.01	1	Agent
pb:misrepresent.01	0	Speaker
pb:misrepresent.01	1	Topic
pb:misrepresent.01	2	Addressee
pb:misspell.01	2	Context
pb:modify.01	1	Entity
pb:moisten.01	0	Agent
pb:moisten.01	1	Undergoer
pb:moisten.01	2	Liquid
pb:mollify.01	0	Stimulus
pb:mollify.01	1	Experiencer
pb:moo.01	0	Sound_source
pb:mortify.01	0	Stimulus
pb:mortify.01	1	Experiencer
pb:mosey.01	0	Self_mover
pb:motion.01	0	Communicator
pb:motion.01	1	Addressee
pb:mourn.01	0	Experiencer
pb:mourn.01	1	Content
pb:mouth.01	0	Speaker
pb:mouth.01	1	Message
pb:mouth.01	2	Addressee
pb:multiply.01	0	Set
pb:multiply.01	1	Set
pb:mumble.01	0	Speaker
pb:mumble.01	2	Addressee
pb:mummify.01	1	Undergoer
pb:munch.01	0	Ingestor
pb:munch.01	1	Ingestibles
pb:murder.01	0	Killer
pb:murder.01	1	Victim
pb:murmur.01	0	Speaker
pb:murmur.01	1	Message
pb:murmur.01	2	Addressee
pb:muse.01	0	Cognizer
pb:muse.01	1	Topic
pb:mushroom.01	0	Item
pb:mushroom.01	3	Initial_value
pb:mushroom.01	4	Final_value
pb:mutter.01	0	Speaker
pb:mutter.01	2	Addressee
pb:mystify.01	0	Stimulus
pb:mystify.01	1	Experiencer
pb:nab.01	0	Authorities
pb:nab.01	1	Suspect
pb:nap.01	0	Sleeper
pb:natter.01	0	Speaker
pb:neigh.01	0	Sound_source
pb:nettle.01	0	Stimulus
pb:nettle.01	1	Experiencer
pb:nibble.01	0	Ingestor
pb:nibble.01	1	Ingestibles
pb:nibble.01	2	Ingestibles
pb:nickname.01	0	Speaker
pb:nip.01	0	Agent
pb:nip.01	1	Entity
pb:nod.01	0	Communicator
pb:nod.01	1	Message
pb:nosh.01	0	Ingestor
pb:nosh.01	1	Ingestibles
pb:notice.01	0	Cognizer
pb:notice.01	1	Phenomenon
pb:notify.01	0	Speaker
pb:notify.01	1	Addressee
pb:obey.01	0	Protagonist
pb:obey.01	1	Norm
pb:obligate.01	1	Responsible_party
pb:obligate.01	2	Duty
pb:obliterate.01	0	Destroyer
pb:obliterate.01	1	Undergoer
pb:obscure.01	0	Obstruction
pb:obscure.01	1	Eclipsed
pb:obscure.01	2	Vantage_point
pb:obtain.01	0	Recipient
pb:obtain.01	1	Theme
pb:obtain.01	2	Source
pb:occlude.01	0	Obstruction
pb:occlude.01	1	Eclipsed
pb:occupy.01	0	Resident
pb:occupy.01	1	Location
pb:occur.01	1	Event
pb:offend.01	0	Stimulus
pb:offend.01	1	Experiencer
pb:ooze.01	0	Fluid
pb:ooze.01	1	Fluid
pb:ooze.01	2	Source
pb:oppose.01	0	Cognizer
pb:opt.01	0	Cognizer
pb:opt.01	1	Chosen
pb:outdo.01	0	Profiled_item
pb:outdo.01	1	Standard_item
pb:outline.01	0	Communicator
pb:outline.01	1	State_of_affairs
pb:outline.01	2	Addressee
pb:outshine.01	0	Profiled_item
pb:outshine.01	1	Standard_item
pb:outstrip.01	0	Profiled_item
pb:outstrip.01	1	Standard_item
pb:overhaul.01	0	Agent
pb:overhaul.01	1	Entity
pb:overhear.01	0	Perceiver_passive
pb:overhear.01	1	Phenomenon
pb:overrun.01	0	Invader
pb:overrun.01	1	Land
pb:overthrow.01	0	Selector
pb:overthrow.01	1	Old_order
pb:own.01	0	Owner
pb:own.01	1	Possession
pb:pace.01	0	Self_mover
pb:pacify.01	0	Stimulus
pb:pacify.01	1	Experiencer
pb:pack.01	0	Agent
pb:pack.01	1	Goal
pb:pack.01	2	Theme
pb:package.01	0	Agent
pb:package.01	1	Theme
pb:pad.01	0	Self_mover
pb:pad.01	2	Goal
pb:paddle.01	0	Driver
pb:page.01	1	Addressee
pb:pain.01	0	Experiencer
pb:paint.02	0	Creator
pb:paint.02	1	Represented
pb:panel.01	1	Goal
pb:parachute.01	0	Driver
pb:parboil.01	1	Food
pb:park.01	0	Agent
pb:park.01	1	Theme
pb:park.01	2	Goal
pb:participate.01	0	Participants
pb:participate.01	1	Event
pb:partition.01	1	Whole
pb:paste.01	0	Agent
pb:paste.01	1	Item
pb:paste.01	2	Goal
pb:paw.01	0	Agent
pb:paw.01	1	Entity
pb:pay.01	0	Buyer
pb:pay.01	1	Money
pb:pay.01	3	Goods
pb:peal.01	0	Sound_source
pb:peal.01	1	Sound_source
pb:pedal.01	0	Driver
pb:pee.01	0	Excreter
pb:pee.01	1	Goal
pb:peek.01	0	Perceiver_agentive
pb:peek.01	1	Phenomenon
pb:peel.01	0	Agent
pb:peel.01	1	Source
pb:peel.01	2	Instrument
pb:peep.02	0	Perceiver_agentive
pb:peep.02	1	Phenomenon
pb:peer.01	0	Perceiver_agentive
pb:peer.01	1	Phenomenon
pb:pen.01	0	Author
pb:pen.01	1	Text
pb:percolate.01	0	Fluid
pb:percolate.01	1	Fluid
pb:percolate.01	2	Goal
pb:perfect.01	0	Agent
pb:perfect.01	1	Project
pb:perpetrate.01	0	Perpetrator
pb:perpetrate.01	1	Crime
pb:perpetrate.01	2	Crime
pb:perplex.01	0	Stimulus
pb:perplex.01	1	Experiencer
pb:persist.01	1	Event
pb:persist.01	2	Duration
pb:perspire.01	0	Excreter
pb:persuade.01	0	Speaker
pb:persuade.01	1	Addressee
pb:persuade.01	2	Content
pb:perturb.01	0	Stimulus
pb:perturb.01	1	Experiencer
pb:photocopy.01	0	Creator
pb:photocopy.01	1	Original
pb:photograph.01	0	Creator
pb:photograph.01	1	Represented
pb:pickle.01	1	Undergoer
pb:pigeonhole.01	1	Item
pb:pile.01	0	Agent
pb:pile.01	1	Theme
pb:pile.01	2	Goal
pb:pilfer.01	0	Perpetrator
pb:pilfer.01	1	Goods
pb:pilfer.01	2	Source
pb:pinch.01	0	Agent
pb:pinch.01	1	Entity
pb:pinch.01	2	Bodypart_of_agent
pb:pine.01	0	Experiencer
pb:pine.01	2	Focal_participant
pb:ping.01	1	Theme
pb:pioneer.01	0	Cognizer
pb:pioneer.01	1	New_idea
pb:piss.01	0	Excreter
pb:piss.01	2	Goal
pb:pit.02	1	Source
pb:pitch.01	0	Agent
pb:pitch.01	1	Theme
pb:pitch.01	2	Goal
pb:placate.01	0	Stimulus
pb:placate.01	1	Experiencer
pb:place.01	0	Agent
pb:place.01	1	Theme
pb:place.01	2	Goal
pb:plait.01	0	Agent
pb:plait.01	1	Body_part
pb:plant.01	0	Agent
pb:plant.01	1	Theme
pb:plant.01	2	Goal
pb:plaster.01	0	Agent
pb:plaster.01	1	Item
pb:plaster.01	2	Goal
pb:plead.01	0	Speaker
pb:plead.01	2	Message
pb:plead.02	0	Accused
pb:plead.02	1	Plea
pb:plead.02	2	Charges
pb:pledge.01	0	Speaker
pb:pledge.01	1	Message
pb:pledge.01	2	Message
pb:plod.01	0	Self_mover
pb:plop.01	0	Impactor
pb:plop.01	2	Impactee
pb:plunge.01	1	Theme
pb:plunge.01	2	Source
pb:plunge.01	3	Source
pb:plunge.01	4	Result
pb:plunge.02	0	Agent
pb:plunge.02	1	Theme
pb:plunge.02	2	Goal
pb:poach.02	1	Food
pb:poach.02	2	Medium
pb:pocket.01	0	Agent
pb:pocket.01	1	Theme
pb:poison.02	0	Agent
pb:poison.02	1	Victim
pb:ponder.01	0	Cognizer
pb:ponder.01	1	Topic
pb:pontificate.01	0	Speaker
pb:pontificate.01	1	Topic
pb:pore.01	0	Reader
pb:pore.01	1	Text
pb:portend.01	0	Phenomenon_1
pb:portend.01	1	Phenomenon_2
pb:portray.01	0	Speaker
pb:portray.01	1	Item
pb:portray.01	2	Category
pb:position.01	0	Agent
pb:position.01	1	Theme
pb:position.01	2	Goal
pb:possess.01	0	Owner
pb:possess.01	1	Possession
pb:postpone.01	0	Agent
pb:postpone.01	1	Event
pb:postpone.01	2	Landmark_time
pb:pot.01	1	Theme
pb:pounce.01	0	Self_mover
pb:pounce.01	1	Goal
pb:pour.01	0	Mass_theme
pb:pour.01	1	Mass_theme
pb:practice.01	0	Agent
pb:practice.01	1	Action
pb:praise.01	0	Communicator
pb:praise.01	1	Evaluee
pb:praise.01	2	Reason
pb:prance.01	0	Self_mover
pb:prattle.01	0	Speaker
pb:precede.01	0	Focal_occasion
pb:precede.01	1	Landmark_occasion
pb:preclude.01	0	Preventing_cause
pb:preclude.01	1	Action
pb:preclude.01	2	Action
pb:predate.01	0	Focal_occasion
pb:predate.01	1	Landmark_occasion
pb:predate.01	2	Landmark_occasion
pb:presage.01	0	Phenomenon_1
pb:presage.01	1	Phenomenon_2
pb:preserve.01	1	Undergoer
pb:preside.01	0	Leader
pb:pressure.01	0	Speaker
pb:pressure.01	1	Addressee
pb:pressure.01	2	Content
pb:presume.01	0	Cognizer
pb:presume.01	1	Content
pb:presume.01	2	Content
pb:pretend.01	0	Agent
pb:pretend.01	1	State_of_affairs
pb:prickle.01	1	Body_part
pb:print.01	0	Author
pb:print.01	1	Text
pb:prize.01	0	Cognizer
pb:prize.01	1	Evaluee
pb:proclaim.01	0	Speaker
pb:proclaim.01	1	Message
pb:profess.01	0	Speaker
pb:profess.01	1	Message
pb:proliferate.01	0	Set
pb:proliferate.01	1	Set
pb:prolong.01	0	Cause
pb:prolong.01	1	Event
pb:prolong.01	2	New_duration
pb:promenade.01	0	Self_mover
pb:pronounce.01	0	Speaker
pb:pronounce.01	1	Sign
pb:propel.01	0	Cause
pb:propel.01	1	Theme
pb:propel.01	2	Goal
pb:prophesy.01	0	Speaker
pb:prophesy.01	1	Eventuality
pb:propose.01	0	Speaker
pb:propose.01	1	Message
pb:protect.01	0	Protection
pb:protect.01	1	Asset
pb:protect.01	2	Danger
pb:protect.01	3	Protection
pb:provide.01	0	Supplier
pb:provide.01	1	Theme
pb:provide.01	2	Recipient
pb:prowl.01	0	Self_mover
pb:prowl.01	2	Path
pb:pucker.01	0	Agent
pb:pucker.01	1	Body_part
pb:puff.01	0	Ingestor
pb:puff.01	1	Delivery_device
pb:puff.01	2	Delivery_device
pb:puke.01	0	Excreter
pb:puke.01	1	Goal
pb:pulp.01	1	Undergoer
pb:pummel.01	0	Agent
pb:pummel.01	1	Victim
pb:pummel.01	2	Body_part
pb:punch.01	0	Agent
pb:punch.01	1	Victim
pb:punish.01	0	Agent
pb:punish.01	1	Evaluee
pb:punish.01	2	Reason
pb:purchase.01	0	Buyer
pb:purchase.01	1	Goods
pb:purchase.01	2	Seller
pb:purchase.01	3	Money
pb:purloin.01	0	Perpetrator
pb:purloin.01	1	Goods
pb:purloin.01	2	Source
pb:purse.01	0	Agent
pb:purse.01	1	Body_part
pb:purse.01	2	Addressee
pb:pursue.01	0	Theme
pb:pursue.01	1	Cotheme
pb:pursue.01	2	Goal
pb:put.01	0	Agent
pb:put.01	1	Theme
pb:put.01	2	Goal
pb:put.02	0	Speaker
pb:put.02	1	Message
pb:putter.01	0	Theme
pb:puzzle.01	0	Stimulus
pb:puzzle.01	1	Experiencer
pb:quack.01	0	Sound_source
pb:quaff.01	0	Ingestor
pb:quaff.01	1	Ingestibles
pb:quarrel.01	0	Arguers
pb:query.01	0	Speaker
pb:question.01	0	Speaker
pb:question.01	1	Addressee
pb:quibble.01	2	Issue
pb:quiet.01	0	Agent
pb:quiet.01	1	Speaker
pb:quieten.01	0	Speaker
pb:quiver.01	0	Theme
pb:quiver.01	1	Theme
pb:quiz.01	0	Speaker
pb:quiz.01	1	Addressee
pb:quiz.01	2	Topic
pb:raid.01	0	Assailant
pb:raid.01	1	Victim
pb:ram.01	0	Agent
pb:ram.01	1	Impactor
pb:ram.01	2	Impactee
pb:range.01	3	Limit1
pb:range.01	4	Limit2
pb:rank.01	0	Item
pb:rank.01	1	Item
pb:rank.01	2	Rank
pb:rankle.01	0	Stimulus
pb:rankle.01	2	Experiencer
pb:rape.01	0	Perpetrator
pb:rape.01	1	Victim
pb:rat.01	0	Informer
pb:rate.01	0	Assessor
pb:rate.01	1	Phenomenon
pb:ratify.01	0	Ratifier
pb:ratify.01	1	Proposal
pb:rationalize.01	0	Agent
pb:rationalize.01	1	State_of_affairs
pb:rave.01	0	Speaker
pb:rave.01	1	Topic
pb:rave.01	2	Addressee
pb:raze.01	0	Destroyer
pb:raze.01	1	Undergoer
pb:raze.01	2	Result
pb:ready.01	0	Agent
pb:reaffirm.01	0	Speaker
pb:reaffirm.01	1	Message
pb:realize.01	0	Cognizer
pb:realize.01	1	Content
pb:reappraise.01	0	Assessor
pb:reappraise.01	1	Phenomenon
pb:reassure.01	0	Stimulus
pb:reassure.01	1	Experiencer
pb:reassure.01	2	Stimulus
pb:rebuff.01	0	Speaker
pb:rebuff.01	1	Proposal
pb:rebuke.01	0	Communicator
pb:rebuke.01	1	Addressee
pb:rebuke.01	2	Reason
pb:receive.01	0	Recipient
pb:receive.01	1	Theme
pb:receive.01	2	Donor
pb:receive.01	3	Countertransfer
pb:reckon.01	0	Cognizer
pb:reckon.01	1	Content
pb:recognize.01	0	Cognizer
pb:recognize.01	1	Phenomenon
pb:recognize.01	2	Evidence
pb:recollect.01	0	Cognizer
pb:recollect.01	1	Content
pb:record.01	0	Agent
pb:record.01	1	Phenomenon
pb:recount.01	0	Speaker
pb:recount.01	1	Message
pb:recount.01	2	Addressee
pb:recover.01	1	Patient
pb:recover.01	2	Affliction
pb:recuperate.01	0	Patient
pb:recuperate.01	2	Affliction
pb:redefine.01	0	Speaker
pb:redefine.01	1	Item
pb:redefine.01	2	Category
pb:redirect.01	0	Agent
pb:redirect.01	1	Theme
pb:redirect.01	2	Goal
pb:reduce.01	0	Agent
pb:reduce.01	1	Attribute
pb:reduce.01	2	Difference
pb:reduce.01	4	Value_2
pb:reek.01	1	sense_description-Sensory_attribute
pb:regret.01	0	Experiencer
pb:regret.01	1	Content
pb:regurgitate.01	0	Excreter
pb:regurgitate.01	1	Excreta
pb:regurgitate.01	2	Goal
pb:rehabilitate.01	1	Patient
pb:rehearse.01	0	Agent
pb:rehearse.01	1	Action
pb:reign.01	0	Leader
pb:reign.01	2	Role
pb:reinforce.01	0	Cause
pb:reinforce.01	1	Patient
pb:reinstate.01	0	Agent
pb:reinstate.01	1	Process
pb:reinvigorate.01	0	Cause
pb:reinvigorate.01	1	Entity
pb:reiterate.01	0	Speaker
pb:reiterate.01	1	Message
pb:reject.01	0	Speaker
pb:reject.01	1	Proposal
pb:rejuvenate.01	1	Entity
pb:release.01	1	Theme
pb:relinquish.01	0	Surrenderer
pb:relinquish.01	1	Theme
pb:relinquish.01	2	Recipient
pb:rely.01	0	Protagonist
pb:rely.01	2	Benefit
pb:remark.01	0	Speaker
pb:remark.01	2	Addressee
pb:remind.01	0	Stimulus
pb:remind.01	2	Cognizer
pb:remonstrate.01	0	Communicator
pb:renege.01	0	Protagonist
pb:renege.01	1	Commitment
pb:renounce.01	0	Speaker
pb:renounce.01	1	Content
pb:repel.01	0	Stimulus
pb:repel.01	1	Experiencer
pb:repent.01	0	Experiencer
pb:repent.01	1	Action
pb:replace.01	0	New
pb:replace.01	1	Old
pb:replace.01	2	New
pb:replicate.01	0	Creator
pb:replicate.01	1	Original
pb:reply.01	0	Speaker
pb:represent.01	1	Item
pb:reprimand.01	0	Communicator
pb:reprimand.01	1	Addressee
pb:reprimand.01	2	Reason
pb:reproach.01	0	Communicator
pb:reproach.01	1	Addressee
pb:reproach.01	2	Reason
pb:reprocess.01	1	Material
pb:reproduce.01	0	Creator
pb:reproduce.01	1	Original
pb:reprove.01	0	Communicator
pb:reprove.01	1	Addressee
pb:request.01	0	Speaker
pb:request.01	1	Message
pb:request.01	2	Addressee
pb:research.01	0	Researcher
pb:research.01	1	Topic
pb:resemble.01	0	Entity_1
pb:resemble.01	1	Entity_1
pb:resemble.01	2	Entity_2
pb:resent.01	0	Experiencer
pb:resent.01	1	Content
pb:resent.01	2	Reason
pb:reside.01	0	Resident
pb:reside.01	1	Location
pb:resign.01	0	Employee
pb:resign.01	1	Position
pb:resolve.01	0	Agent
pb:resolve.01	1	Problem
pb:resound.01	1	Sound
pb:resound.01	2	Sound_source
pb:respire.01	0	Agent
pb:rest.01	0	Agent
pb:rest.01	1	Theme
pb:restart.01	0	Agent
pb:restart.01	1	Activity
pb:restore.01	0	Agent
pb:restore.01	1	Entity
pb:restructure.01	0	Agent
pb:restructure.01	1	Entity
pb:restructure.01	2	Final_category
pb:retaliate.01	0	Avenger
pb:retaliate.01	1	Avenger
pb:retch.01	0	Excreter
pb:retire.01	0	Employee
pb:retire.01	1	Position
pb:retort.01	0	Speaker
pb:retreat.02	0	Self_mover
pb:retreat.02	1	Self_mover
pb:retreat.02	3	Source
pb:retreat.02	4	Intended_goal
pb:revere.01	0	Cognizer
pb:revere.01	1	Evaluee
pb:revere.01	2	Reason
pb:revitalize.01	1	Entity
pb:reward.01	0	Agent
pb:reward.01	1	Evaluee
pb:rhyme.01	1	Item_2
pb:rid.01	0	Agent
pb:rid.01	1	Source
pb:rid.01	2	Source
pb:ridicule.01	0	Communicator
pb:ridicule.01	1	Evaluee
pb:ridicule.01	2	Reason
pb:rile.01	0	Stimulus
pb:rile.01	1	Experiencer
pb:rinse.01	0	Agent
pb:rinse.01	1	Theme
pb:rinse.01	2	Source
pb:rival.01	0	Profiled_item
pb:rival.01	1	Standard_item
pb:roam.01	0	Self_mover
pb:roast.01	1	Food
pb:rob.01	0	Perpetrator
pb:rob.01	1	Victim
pb:rocket.01	0	Difference
pb:rocket.01	1	Attribute
pb:rocket.01	4	Final_value
pb:romp.01	0	Self_mover
pb:romp.01	2	Goal
pb:rot.01	0	Undergoer
pb:rot.01	1	Undergoer
pb:rot.01	2	Result
pb:rouse.01	0	Cause
pb:rouse.01	1	Sleeper
pb:rouse.01	2	Sleep_state
pb:route.01	0	Sender
pb:route.01	1	Theme
pb:ruin.01	0	Agent
pb:ruin.01	1	Patient
pb:rule.03	0	Leader
pb:rule.03	1	Governed
pb:ruminate.01	0	Cognizer
pb:ruminate.01	1	Topic
pb:rust.01	0	Undergoer
pb:rust.01	1	Undergoer
pb:rust.01	2	Result
pb:sadden.01	1	Experiencer
pb:sashay.01	0	Self_mover
pb:satisfy.01	0	Stimulus
pb:satisfy.01	1	Experiencer
pb:saturate.01	1	Undergoer
pb:saunter.01	0	Self_mover
pb:saute.01	1	Food
pb:scald.01	1	Food
pb:scalp.01	1	Source
pb:scamper.01	0	Self_mover
pb:scamper.01	4	Goal
pb:scare.01	0	Stimulus
pb:scare.01	1	Experiencer
pb:scare.01	2	Result
pb:school.01	0	Teacher
pb:school.01	1	Student
pb:school.01	2	Subject
pb:scoff.01	0	Communicator
pb:scoff.01	1	Evaluee
pb:scold.01	0	Communicator
pb:scold.01	1	Addressee
pb:scold.01	2	Reason
pb:scorn.01	0	Cognizer
pb:scorn.01	1	Evaluee
pb:scorn.01	2	Reason
pb:scout.01	0	Cognizer
pb:scout.01	1	Ground
pb:scowl.01	0	Agent
pb:scowl.01	2	Intended_perceiver
pb:scramble.01	0	Self_mover
pb:scramble.03	0	Self_mover
pb:scrape.01	0	Theme
pb:scrape.01	1	Static_object
pb:scream.01	0	Speaker
pb:scream.01	1	Message
pb:scream.01	2	Addressee
pb:screw.01	0	Agent
pb:screw.01	1	Patient
pb:scrutinize.01	0	Cognizer
pb:scrutinize.01	1	Ground
pb:scrutinize.01	2	Manner
pb:scuffle.01	0	Sides
pb:scuffle.01	2	Side_2
pb:scurry.01	0	Self_mover
pb:scuttle.01	0	Self_mover
pb:scuttle.02	0	Self_mover
pb:seal.01	0	Agent
pb:seal.01	1	Containing_object
pb:search.01	0	Cognizer
pb:search.01	1	Ground
pb:seat.02	1	Theme
pb:secrete.01	0	Source_emitter
pb:secrete.01	1	Emission
pb:section.01	1	Whole
pb:section.01	2	Parts
pb:seed.02	1	Goal
pb:seem.01	1	Phenomenon
pb:seep.01	0	Fluid
pb:seep.01	1	Fluid
pb:seep.01	2	Source
pb:seep.01	3	Source
pb:segregate.01	1	Part_1
pb:segregate.01	2	Part_2
pb:sell.01	0	Seller
pb:sell.01	1	Goods
pb:sell.01	2	Buyer
pb:sell.01	3	Money
pb:semaphore.01	0	Communicator
pb:semaphore.01	2	Addressee
pb:send.01	0	Sender
pb:send.01	1	Theme
pb:send.01	2	Recipient
pb:sense.01	0	Perceiver_passive
pb:sense.01	1	Phenomenon
pb:sentence.01	0	Court
pb:sentence.01	1	Convict
pb:sentence.01	2	Sentence
pb:sentence.01	3	Offense
pb:separate.01	1	Partners
pb:set.01	0	Agent
pb:set.01	1	Theme
pb:set.01	2	Goal
pb:sew.01	0	Agent
pb:sew.01	1	Item
pb:sew.01	2	Goal
pb:shame.01	0	Stimulus
pb:shame.01	1	Experiencer
pb:shame.01	2	Result
pb:shampoo.01	0	Agent
pb:shampoo.01	1	Body_part
pb:sharpen.01	0	Agent
pb:sharpen.01	1	Patient
pb:sharpen.01	2	Result
pb:shatter.01	1	Whole_patient
pb:sheathe.01	0	Agent
pb:sheathe.01	1	Theme
pb:shed.01	0	Wearer
pb:shed.01	1	Clothing
pb:shelve.01	0	Agent
pb:shelve.01	1	Theme
pb:shepherd.01	0	Theme
pb:shepherd.01	1	Cotheme
pb:shield.01	0	Protection
pb:shield.01	1	Asset
pb:shield.01	2	Danger
pb:ship.01	0	Sender
pb:ship.01	1	Theme
pb:ship.01	2	Goal
pb:ship.01	3	Source
pb:shirk.01	0	Agent
pb:shirk.01	1	Undesirable_situation
pb:shit.01	0	Excreter
pb:shiver.01	0	Agent
pb:shiver.01	1	Agent
pb:shock.01	0	Stimulus
pb:shock.01	1	Experiencer
pb:shock.01	2	Means
pb:shoot.03	0	Artist
pb:shoot.03	1	Production
pb:shop.01	0	Shopper
pb:shop.01	1	Goods
pb:shoplift.01	0	Perpetrator
pb:shoulder.01	0	Agent
pb:shoulder.01	1	Theme
pb:shout.01	0	Speaker
pb:shout.01	1	Message
pb:shout.01	2	Addressee
pb:shove.01	0	Agent
pb:shove.01	1	Theme
pb:shove.01	2	Goal
pb:shriek.01	0	Speaker
pb:shriek.01	2	Addressee
pb:shrill.01	0	Speaker
pb:shudder.01	0	Agent
pb:shudder.01	1	Internal_cause
pb:shudder.01	2	External_cause
pb:shuffle.01	0	Self_mover
pb:shun.01	0	Agent
pb:shun.01	1	Undesirable_situation
pb:shut.01	0	Agent
pb:shut.01	1	Body_part
pb:sicken.01	0	Stimulus
pb:sicken.01	1	Experiencer
pb:side.01	0	Cognizer
pb:side.01	1	Side
pb:sidle.01	0	Self_mover
pb:sidle.01	1	Self_mover
pb:sidle.01	2	Goal
pb:sift.01	0	Searcher
pb:sift.01	1	Ground
pb:simper.01	0	Speaker
pb:simulate.01	0	Agent
pb:simulate.01	1	Original
pb:sin.01	0	Wrongdoer
pb:sin.01	1	Wrongdoer
pb:sing.01	0	Speaker
pb:sing.01	1	Message
pb:sip.01	0	Ingestor
pb:sip.01	1	Ingestibles
pb:sip.01	2	Source
pb:sire.01	0	Father
pb:sire.01	1	Child
pb:sit.02	1	Protagonist
pb:situate.01	0	Agent
pb:situate.01	1	Theme
pb:situate.01	2	Area
pb:skate.01	0	Driver
pb:skim.01	0	Self_mover
pb:skin.01	1	Source
pb:skirt.01	0	Road
pb:skirt.01	1	Path
pb:skirt.02	0	Agent
pb:skirt.02	1	Undesirable_situation
pb:skulk.01	0	Self_mover
pb:skyrocket.01	1	Attribute
pb:slaughter.01	0	Killer
pb:slaughter.01	1	Victim
pb:slay.01	0	Killer
pb:slay.01	1	Victim
pb:sleep.01	0	Sleeper
pb:sleepwalk.01	0	Self_mover
pb:sleepwalk.01	1	Self_mover
pb:sleepwalk.01	2	Goal
pb:slice.01	1	Item
pb:slink.01	0	Self_mover
pb:slink.01	2	Goal
pb:slither.01	0	Self_mover
pb:slog.01	0	Self_mover
pb:slumber.01	0	Sleeper
pb:slur.01	0	Speaker
pb:slurp.01	0	Ingestor
pb:slurp.01	2	Source
pb:smart.01	0	Body_part
pb:smart.01	1	Body_part
pb:smart.01	2	Reason
pb:smash.02	1	Impactor
pb:smell.02	0	Phenomenon
pb:smell.02	1	Phenomenon
pb:smell.02	2	Characterization
pb:smile.01	0	Agent
pb:smirk.01	0	Agent
pb:smirk.01	1	Agent
pb:smirk.01	2	Intended_perceiver
pb:smoke.02	0	Ingestor
pb:smoke.02	1	Substance
pb:smother.01	0	Killer
pb:smother.01	1	Victim
pb:smother.01	2	Instrument
pb:smuggle.01	0	Perpetrator
pb:smuggle.01	1	Goods
pb:smuggle.01	2	Goal
pb:snap.05	1	Whole_patient
pb:sneak.01	0	Self_mover
pb:sneak.01	4	Goal
pb:snicker.01	0	Sound_source
pb:sniff.01	0	Perceiver_agentive
pb:sniff.01	1	Phenomenon
pb:sniff.01	2	State
pb:snigger.01	0	Sound_source
pb:snooze.01	0	Sleeper
pb:snooze.01	1	Sleeper
pb:snore.01	0	Sound_source
pb:soap.01	0	Agent
pb:soap.01	1	Patient
pb:soar.01	0	Difference
pb:soar.01	1	Attribute
pb:soar.01	2	Difference
pb:soar.01	3	Initial_value
pb:soar.01	4	Final_value
pb:sob.01	0	Sound_source
pb:soften.01	0	Agent
pb:soften.01	1	Undergoer
pb:solace.01	0	Stimulus
pb:solace.01	1	Experiencer
pb:solder.01	1	Item
pb:solder.01	2	Goal
pb:solve.01	0	Agent
pb:solve.01	1	Problem
pb:soothe.01	0	Stimulus
pb:soothe.01	1	Experiencer
pb:soothe.01	2	Result
pb:sort.01	0	Cognizer
pb:sort.01	1	Phenomena
pb:sound.01	0	Phenomenon
pb:sound.01	1	Phenomenon
pb:sound.01	2	Characterization
pb:sow.01	0	Agent
pb:sow.01	1	Goal
pb:sparkle.01	1	Beam
pb:spear.01	0	Agent
pb:spear.01	1	Victim
pb:spear.01	2	Result
pb:spearhead.01	0	Leader
pb:spearhead.01	1	Activity
pb:spew.01	1	Fluid
pb:spew.01	2	Source
pb:spill.01	1	Fluid
pb:spoil.01	0	Undergoer
pb:spoil.01	1	Undergoer
pb:spook.01	0	Stimulus
pb:spook.01	1	Experiencer
pb:sport.01	0	Wearer
pb:sport.01	1	Clothing
pb:spout.01	0	Fluid
pb:spout.01	1	Fluid
pb:sprain.01	0	Experiencer
pb:sprain.01	1	Body_part
pb:spurt.02	1	Fluid
pb:spurt.02	2	Source
pb:sputter.01	0	Speaker
pb:squander.01	0	Resource_controller
pb:squander.01	1	Resource
pb:squint.01	0	Perceiver_agentive
pb:squint.01	1	Phenomenon
pb:squish.02	1	Undergoer
pb:stab.01	0	Agent
pb:stab.01	1	Victim
pb:stab.01	2	Instrument
pb:stab.01	3	Result
pb:stable.01	0	Agent
pb:stable.01	1	Theme
pb:stagger.01	0	Self_mover
pb:stagger.01	2	Goal
pb:stalk.02	0	Theme
pb:stalk.02	1	Cotheme
pb:stammer.01	0	Speaker
pb:stammer.01	1	Message
pb:stamp.04	0	Agent
pb:stamp.04	1	Body_part
pb:staple.01	0	Agent
pb:staple.01	1	Item
pb:staple.01	2	Goal
pb:star.01	0	Performer
pb:star.01	1	Performer
pb:stare.01	0	Perceiver_agentive
pb:stare.01	1	Phenomenon
pb:startle.01	0	Stimulus
pb:startle.01	1	Experiencer
pb:stash.01	0	Agent
pb:stash.01	1	Theme
pb:stash.01	2	Goal
pb:state.01	0	Speaker
pb:state.01	1	Message
pb:state.01	2	Addressee
pb:steal.01	0	Perpetrator
pb:steal.01	1	Goods
pb:steal.01	2	Source
pb:steep.01	1	Food
pb:stigmatize.01	1	Evaluee
pb:stigmatize.01	2	Role
pb:stimulate.01	0	Stimulus
pb:stimulate.01	1	Experiencer
pb:stimulate.01	2	Result
pb:stir.02	0	Stimulus
pb:stir.02	1	Experiencer
pb:stir.02	2	Stimulus
pb:stockpile.01	0	Recipient
pb:stockpile.01	1	Mass_theme
pb:stomp.01	0	Self_mover
pb:stone.01	1	Source
pb:stoop.01	0	Protagonist
pb:stoop.01	2	Goal
pb:store.01	1	Theme
pb:stow.01	0	Agent
pb:stow.01	1	Theme
pb:stow.01	2	Goal
pb:straggle.01	0	Self_mover
pb:strain.01	0	Experiencer
pb:strain.01	1	Body_part
pb:strap.02	0	Agent
pb:strap.02	1	Item
pb:strengthen.01	0	Cause
pb:strengthen.01	1	Patient
pb:stress.01	0	Speaker
pb:stress.01	1	Message
pb:stride.01	0	Self_mover
pb:stride.01	2	Goal
pb:stride.01	4	Goal
pb:stroll.01	0	Self_mover
pb:stroll.01	4	Goal
pb:struggle.01	0	Side_1
pb:struggle.01	1	Side_2
pb:strut.01	0	Self_mover
pb:stub.01	0	Experiencer
pb:stub.01	1	Body_part
pb:stud.01	0	Theme
pb:stud.01	1	Location
pb:stupefy.01	0	Stimulus
pb:stupefy.01	1	Experiencer
pb:stutter.01	0	Speaker
pb:submit.01	0	Submittor
pb:submit.01	1	Documents
pb:submit.01	2	Authority
pb:substantiate.01	0	Support
pb:substantiate.01	1	Proposition
pb:succeed.02	0	New
pb:succeed.02	1	Old
pb:succeed.02	2	Role
pb:succor.01	0	Helper
pb:succor.01	1	Benefited_party
pb:suffer.01	0	Undergoer
pb:suffer.01	1	Undesirable_Event
pb:suffice.01	0	Item
pb:suffice.01	2	Enabled_situation
pb:suffuse.01	0	Theme
pb:suffuse.01	1	Goal
pb:suffuse.01	2	Theme
pb:summarize.01	0	Communicator
pb:summarize.01	1	State_of_affairs
pb:summon.01	0	Speaker
pb:summon.01	1	Addressee
pb:sup.01	0	Ingestor
pb:sup.01	1	Ingestibles
pb:supply.01	0	Supplier
pb:supply.01	1	Theme
pb:supply.01	2	Recipient
pb:suppose.01	0	Cognizer
pb:suppose.01	1	Opinion
pb:suppose.02	0	Cognizer
pb:surmise.01	0	Cognizer
pb:surmise.01	1	Content
pb:surpass.01	0	Profiled_item
pb:surpass.01	1	Standard_item
pb:surprise.01	0	Stimulus
pb:surprise.01	1	Experiencer
pb:surrender.01	0	Fugitive
pb:surrender.01	1	Fugitive
pb:surrender.01	2	Authorities
pb:survey.01	0	Cognizer
pb:survey.01	1	Ground
pb:survive.01	0	Survivor
pb:survive.01	1	Dangerous_situation
pb:suspend.01	0	Agent
pb:suspend.01	1	Activity
pb:swagger.01	0	Self_mover
pb:swagger.01	2	Goal
pb:swap.01	0	Exchanger_1
pb:swap.01	1	Themes
pb:swap.01	2	Exchanger_2
pb:swap.01	3	Theme_2
pb:swear.01	0	Speaker
pb:swear.01	1	Message
pb:sweat.01	0	Excreter
pb:sweat.01	1	Excreta
pb:swell.01	1	Item
pb:swig.01	0	Ingestor
pb:swig.01	1	Ingestibles
pb:swig.01	2	Source
pb:swill.01	0	Ingestor
pb:swill.01	1	Ingestibles
pb:swim.01	0	Self_mover
pb:swim.01	3	Source
pb:swish.01	0	Theme
pb:swish.01	1	Theme
pb:sympathize.01	0	Experiencer
pb:sympathize.01	1	Stimulus
pb:tail.01	0	Theme
pb:tail.01	1	Cotheme
pb:talk.01	0	Interlocutors
pb:talk.01	1	Topic
pb:talk.01	2	Interlocutor_2
pb:tear.04	0	Agent
pb:tear.04	1	Whole_patient
pb:tear.04	2	Pieces
pb:tell.01	0	Speaker
pb:tell.01	1	Message
pb:tell.01	2	Addressee
pb:tend.02	1	Hypothetical_event
pb:tend.02	2	Hypothetical_event
pb:terrify.01	0	Stimulus
pb:terrify.01	1	Experiencer
pb:terrorize.01	0	Agent
pb:terrorize.01	1	Experiencer
pb:terrorize.01	2	Resulting_action
pb:test.01	0	Tester
pb:test.01	1	Product
pb:test.01	2	Desired_state
pb:testify.01	0	Support
pb:testify.01	1	Proposition
pb:thank.01	0	Communicator
pb:thank.01	1	Addressee
pb:thank.01	2	Reason
pb:thieve.01	0	Perpetrator
pb:thieve.01	2	Victim
pb:thirst.01	0	Experiencer
pb:thirst.01	1	Event
pb:threaten.01	0	Speaker
pb:threaten.01	1	Message
pb:thrill.01	0	Stimulus
pb:thrill.01	1	Experiencer
pb:thrill.01	2	Degree
pb:thrive.01	1	Entity
pb:thrive.01	2	Circumstances
pb:throw.01	0	Agent
pb:throw.01	1	Body_part
pb:thrust.01	0	Agent
pb:thrust.01	1	Theme
pb:thwart.01	0	Preventing_cause
pb:thwart.01	1	Action
pb:tile.01	1	Goal
pb:tingle.01	1	Body_part
pb:tingle.01	2	Reason
pb:tiptoe.01	0	Self_mover
pb:tiptoe.01	2	Goal
pb:tiptoe.01	4	Goal
pb:toast.01	1	Food
pb:toboggan.01	0	Driver
pb:toddle.01	0	Self_mover
pb:toll.01	0	Sound_source
pb:toll.01	1	Sound_source
pb:topple.01	0	Theme
pb:topple.01	1	Theme
pb:topple.01	3	Source
pb:topple.01	4	Goal
pb:torch.01	1	Flammables
pb:torture.01	0	Agent
pb:torture.01	1	Victim
pb:totter.02	0	Self_mover
pb:totter.02	2	Goal
pb:totter.02	4	Goal
pb:tour.01	0	Traveler
pb:tour.01	1	Area
pb:track.01	0	Theme
pb:track.01	1	Cotheme
pb:track.01	2	Goal
pb:trade.01	0	Exchanger_1
pb:trade.01	3	Theme_2
pb:trail.01	0	Theme
pb:trail.01	1	Cotheme
pb:train.01	1	Student
pb:traipse.01	0	Self_mover
pb:trammel.01	0	Hindrance
pb:tramp.01	0	Self_mover
pb:tramp.01	2	Goal
pb:transform.01	1	Entity
pb:transform.01	2	Final_category
pb:transpire.01	1	Event
pb:transport.01	1	Theme
pb:transport.01	2	Goal
pb:travel.01	0	Traveler
pb:tread.01	0	Self_mover
pb:treat.01	0	Speaker
pb:treat.01	1	Item
pb:treat.01	2	Category
pb:treat.03	0	Healer
pb:treat.03	1	Patient
pb:treat.03	2	Affliction
pb:trek.01	0	Self_mover
pb:trek.01	2	Goal
pb:trickle.01	0	Fluid
pb:trickle.01	1	Fluid
pb:trill.01	0	Speaker
pb:triple.01	1	Attribute
pb:triple.01	3	Initial_value
pb:triple.01	4	Final_value
pb:trouble.01	0	Stimulus
pb:trouble.01	1	Experiencer
pb:truck.01	1	Theme
pb:truck.01	2	Purpose
pb:trudge.01	0	Self_mover
pb:trumpet.01	0	Speaker
pb:trumpet.01	1	Message
pb:truss.01	1	Items
pb:try.01	0	Agent
pb:try.01	1	Goal
pb:tuck.01	0	Agent
pb:tuck.01	1	Theme
pb:tuck.01	2	Goal
pb:turn.02	1	Entity
pb:tutor.01	0	Teacher
pb:tutor.01	1	Student
pb:twiddle.01	0	Agent
pb:twiddle.01	1	Body_part
pb:twitch.01	0	Agent
pb:twitch.01	1	Body_part
pb:type.01	0	Author
pb:type.01	1	Text
pb:ululate.01	0	Sound_source
pb:unbuckle.01	0	Agent
pb:unbuckle.01	1	Containing_object
pb:undergo.01	0	Entity
pb:undergo.01	1	Entity
pb:undergo.01	2	Event
pb:underline.01	0	Medium
pb:underline.01	1	Message
pb:undermine.01	0	Cause
pb:undermine.01	1	State_of_affairs
pb:underscore.01	0	Medium
pb:underscore.01	1	Message
pb:unload.01	0	Agent
pb:unload.01	1	Theme
pb:unload.01	2	Source
pb:unnerve.01	0	Stimulus
pb:unnerve.01	1	Experiencer
pb:unscrew.01	0	Agent
pb:unscrew.01	1	Containing_object
pb:unsettle.01	0	Stimulus
pb:unsettle.01	1	Experiencer
pb:unzip.01	0	Agent
pb:unzip.01	1	Containing_object
pb:upbraid.01	0	Communicator
pb:upbraid.01	1	Addressee
pb:upbraid.01	2	Reason
pb:upset.01	0	Stimulus
pb:upset.01	1	Experiencer
pb:urinate.01	0	Excreter
pb:use.01	0	Agent
pb:use.01	1	Instrument
pb:use.01	2	Purpose
pb:usher.02	0	Theme
pb:usher.02	1	Cotheme
pb:usher.02	2	Goal
pb:utter.01	0	Author
pb:utter.01	1	Text
pb:vacate.01	0	Self_mover
pb:vacate.01	1	Source
pb:vacillate.01	0	Cognizer
pb:vacillate.01	1	Issue
pb:vanish.01	0	Theme
pb:vanish.01	1	Theme
pb:vanish.01	3	Source
pb:varnish.01	0	Agent
pb:varnish.01	1	Goal
pb:vault.01	0	Self_mover
pb:vault.01	1	Path
pb:vault.01	2	Goal
pb:veil.01	0	Obstruction
pb:veil.01	1	Eclipsed
pb:vend.01	1	Goods
pb:verify.01	0	Support
pb:verify.01	1	Proposition
pb:vex.01	0	Stimulus
pb:vex.01	1	Experiencer
pb:violate.01	0	Protagonist
pb:violate.01	1	Norm
pb:volunteer.01	0	Speaker
pb:volunteer.01	1	Message
pb:vomit.01	0	Excreter
pb:vomit.01	2	Goal
pb:vow.01	0	Speaker
pb:vow.01	1	Message
pb:waddle.01	0	Self_mover
pb:wade.01	0	Self_mover
pb:wade.01	2	Goal
pb:waffle.01	0	Cognizer
pb:wag.01	0	Agent
pb:wag.01	1	Body_part
pb:waggle.01	0	Agent
pb:waggle.01	1	Body_part
pb:wake.02	0	Sleeper
pb:wake.02	1	Sleeper
pb:walk.01	0	Self_mover
pb:wallpaper.01	0	Agent
pb:wallpaper.01	1	Goal
pb:waltz.01	0	Self_mover
pb:waltz.01	1	Self_mover
pb:wander.01	0	Self_mover
pb:wander.01	4	Goal
pb:want.01	0	Experiencer
pb:want.01	1	Focal_participant
pb:want.01	3	Purpose_of_Event
pb:warble.01	0	Speaker
pb:warp.01	1	Undergoer
pb:warrant.01	0	State_of_affairs
pb:warrant.01	1	Action
pb:wash.01	0	Agent
pb:wash.01	1	Patient
pb:wash.01	3	Body_part
pb:watch.01	0	Perceiver_agentive
pb:watch.01	1	Phenomenon
pb:waver.01	0	Cognizer
pb:wax.01	0	Agent
pb:wax.01	1	Body_part
pb:weaken.01	0	Cause
pb:weaken.01	1	Patient
pb:wear.01	0	Wearer
pb:wear.01	1	Clothing
pb:wear.01	C-1	Relative_location
pb:weave.02	0	Road
pb:wed.01	0	Partner_1
pb:wet.01	0	Agent
pb:wet.01	1	Undergoer
pb:wheel.01	0	Agent
pb:wheel.01	1	Theme
pb:wheel.01	2	Goal
pb:wheeze.02	0	Theme
pb:whelp.01	0	Mother
pb:whelp.01	1	Child
pb:whinny.01	0	Sound_source
pb:whinny.01	1	Sound_source
pb:whip.01	0	Agent
pb:whip.01	1	Victim
pb:whistle.01	0	Sound_source
pb:widen.01	0	Agent
pb:widen.01	1	Item
pb:widow.01	1	Partner_1
pb:wiggle.01	0	Body_part
pb:wiggle.02	0	Agent
pb:wiggle.02	1	Body_part
pb:will.01	0	Donor
pb:will.01	1	Theme
pb:wink.01	0	Agent
pb:wink.01	1	Body_part
pb:wink.01	2	Addressee
pb:word.01	0	Speaker
pb:word.01	1	Message
pb:worry.01	0	Experiencer
pb:worry.02	0	Experiencer
pb:worry.02	1	Topic
pb:wow.01	0	Stimulus
pb:wow.01	1	Experiencer
pb:wow.01	2	Means
pb:wrangle.01	0	Arguers
pb:wreak.01	0	Cause
pb:wreak.01	1	Effect
pb:wreathe.01	0	Theme
pb:wreathe.01	1	Location
pb:wriggle.01	0	Agent
pb:wriggle.01	1	Body_part
pb:wrinkle.01	0	Agent
pb:wrinkle.01	1	Body_part
pb:write.01	0	Author
pb:write.01	1	Text
pb:writhe.01	0	Agent
pb:writhe.01	1	Agent
pb:yap.01	0	Sound_source
pb:yawn.01	0	Agent
pb:yawn.01	2	Addressee
pb:yearn.01	0	Experiencer
pb:yearn.01	1	Event
pb:yell.01	0	Speaker
pb:yell.01	2	Addressee
pb:yowl.01	0	Sound_source
